SampleID,group
SRR5218291,Control
SRR5218296,PSC
SRR5218298,PSC
SRR5218309,Control
SRR5218311,Control
SRR5218314,Control
SRR5218318,Control
SRR5218322,Control
SRR5218328,Control
SRR5218335,Control
SRR5218338,UC
SRR5218340,UC
SRR5218343,UC
SRR5218345,UC
SRR5218349,UC
SRR5218350,UC
SRR5218351,UC
SRR5218352,UC
SRR5218356,UC
SRR5218358,UC
SRR5218362,UC
SRR5218367,UC
SRR5218368,PSC
SRR5218370,PSC
SRR5218376,PSC
SRR5218378,PSC
SRR5218379,PSC
SRR5218383,PSC
SRR5218385,PSC
SRR5218392,PSC
SRR5218397,PSC
SRR5218398,PSC
SRR5218292,PSC
SRR5218297,PSC
SRR5218299,PSC
SRR5218304,UC
SRR5218305,Control
SRR5218307,Control
SRR5218312,Control
SRR5218315,Control
SRR5218317,Control
SRR5218319,Control
SRR5218293,PSC
SRR5218320,Control
SRR5218294,PSC
SRR5218321,Control
SRR5218295,PSC
SRR5218326,Control
SRR5218327,Control
SRR5218300,PSC
SRR5218330,Control
SRR5218301,PSC
SRR5218333,Control
SRR5218302,PSC
SRR5218337,UC
SRR5218303,PSC
SRR5218341,UC
SRR5218306,Control
SRR5218346,UC
SRR5218308,Control
SRR5218347,UC
SRR5218310,Control
SRR5218348,UC
SRR5218313,Control
SRR5218353,UC
SRR5218316,Control
SRR5218354,UC
SRR5218323,Control
SRR5218357,UC
SRR5218324,Control
SRR5218325,Control
SRR5218329,Control
SRR5218331,Control
SRR5218332,Control
SRR5218334,Control
SRR5218360,UC
SRR5218336,UC
SRR5218361,UC
SRR5218339,UC
SRR5218342,UC
SRR5218363,UC
SRR5218344,UC
SRR5218364,UC
SRR5218355,UC
SRR5218365,UC
SRR5218359,UC
SRR5218366,UC
SRR5218371,PSC
SRR5218372,PSC
SRR5218369,PSC
SRR5218377,PSC
SRR5218373,PSC
SRR5218381,PSC
SRR5218374,PSC
SRR5218384,PSC
SRR5218375,PSC
SRR5218388,PSC
SRR5218380,PSC
SRR5218389,PSC
SRR5218382,PSC
SRR5218390,PSC
SRR5218386,PSC
SRR5218391,PSC
SRR5218393,PSC
SRR5218387,PSC
SRR5218394,PSC
SRR5218396,PSC
SRR5218395,PSC
SRR5218399,PSC
