SampleID,group
SRR2672236,Crohn_Disease
SRR2672239,Crohn_Disease
SRR2672240,Crohn_Disease
SRR2672242,Crohn_Disease
SRR2672243,Crohn_Disease
SRR2672244,Crohn_Disease
SRR2672238,Crohn_Disease
SRR2672250,control
SRR2672241,Crohn_Disease
SRR2672253,control
SRR2672245,control
SRR2672257,Ulcerative_Colitis
SRR2672249,control
SRR2672258,Ulcerative_Colitis
SRR2672260,Ulcerative_Colitis
SRR2672251,control
SRR2672261,Ulcerative_Colitis
SRR2672262,Ulcerative_Colitis
SRR2672255,Ulcerative_Colitis
SRR2672264,Ulcerative_Colitis
SRR2672256,Ulcerative_Colitis
SRR2672235,Crohn_Disease
SRR2672237,Crohn_Disease
SRR2672246,control
SRR2672247,control
SRR2672248,control
SRR2672252,control
SRR2672254,control
SRR2672259,Ulcerative_Colitis
SRR2672263,Ulcerative_Colitis
