SampleID,group
SRR870254,RA
SRR870350,RA
SRR870351,RA
SRR870353,RA
SRR870354,RA
SRR870355,RA
SRR870356,RA
SRR870357,RA
SRR870358,RA
SRR870359,RA
SRR870360,RA
SRR870361,RA
SRR870362,RA
SRR870363,RA
SRR870364,RA
SRR870365,RA
SRR870366,RA
SRR870367,RA
SRR870368,RA
SRR870369,RA
SRR870370,RA
SRR870371,RA
SRR870372,RA
SRR870373,RA
SRR870374,RA
SRR870375,RA
SRR870376,RA
SRR870377,RA
SRR870378,RA
SRR870379,RA
SRR870380,RA
SRR870381,RA
SRR870382,RA
SRR870383,RA
SRR870384,RA
SRR870385,RA
SRR870386,RA
SRR870387,RA
SRR870388,RA
SRR870389,RA
SRR870390,RA
SRR870391,RA
SRR870392,RA
SRR870393,RA
SRR870394,RA
SRR870395,RA
SRR870396,RA
SRR870397,RA
SRR870398,RA
SRR870399,RA
SRR870400,RA
SRR870401,RA
SRR870402,RA
SRR870403,RA
SRR870404,RA
SRR870405,RA
SRR870406,RA
SRR870407,RA
SRR870408,RA
SRR870409,RA
SRR870410,RA
SRR870411,RA
SRR870412,RA
SRR870413,RA
SRR870414,RA
SRR870415,RA
SRR870416,RA
SRR870417,RA
SRR870418,RA
SRR870419,RA
SRR870420,RA
SRR870421,RA
SRR870422,RA
SRR870423,RA
SRR870424,RA
SRR870425,RA
SRR870426,RA
SRR870427,RA
SRR870428,RA
SRR870429,RA
SRR870430,RA
SRR870431,RA
SRR870432,RA
SRR870433,RA
SRR870434,RA
SRR870435,RA
SRR870436,RA
SRR870437,RA
SRR870438,RA
SRR870439,RA
SRR870440,RA
SRR870441,RA
SRR870442,RA
SRR870443,RA
SRR870444,RA
SRR870445,RA
SRR870446,RA
SRR870447,RA
SRR870448,RA
SRR870449,RA
SRR870450,RA
SRR870451,RA
SRR870452,RA
SRR870453,RA
SRR870454,RA
SRR870352,RA
SRR870455,HC
SRR870456,HC
SRR870457,HC
SRR870458,HC
SRR870459,HC
SRR870460,HC
SRR870461,HC
SRR870462,HC
