SampleID,group
SRR7944009,HC
SRR7944010,HC
SRR7944023,HC
SRR7944024,HC
SRR7944011,HC
SRR7944006,HC
SRR7944003,HC
SRR7943994,HC
SRR7944055,HC
SRR7944062,HC
SRR7944028,HC
SRR7944025,HC
SRR7944030,HC
SRR7944061,HC
SRR7944027,HC
SRR7944026,HC
SRR7944019,HC
SRR7944063,HC
SRR7944029,HC
SRR7944012,HC
SRR7944004,HC
SRR7943990,HC
SRR7944013,RA
SRR7944053,RA
SRR7944052,RA
SRR7944051,RA
SRR7944050,RA
SRR7944049,RA
SRR7944048,RA
SRR7944047,RA
SRR7944057,RA
SRR7944056,RA
SRR7944021,RA
SRR7944014,RA
SRR7944022,RA
SRR7944015,RA
SRR7944016,RA
SRR7943991,RA
SRR7944018,RA
SRR7944059,RA
SRR7944020,RA
SRR7944054,RA
SRR7943992,SLE
SRR7944032,SLE
SRR7944031,SLE
SRR7944034,SLE
SRR7944033,SLE
SRR7944036,SLE
SRR7944035,SLE
SRR7944038,SLE
SRR7944037,SLE
SRR7944040,SLE
SRR7943984,SLE
SRR7944039,SLE
SRR7943999,SLE
SRR7944000,SLE
SRR7944001,SLE
SRR7944002,SLE
SRR7943995,SLE
SRR7943996,SLE
SRR7943997,SLE
SRR7943998,SLE
SRR7944007,SLE
SRR7943983,SLE
SRR7944042,SLE
SRR7944041,SLE
SRR7944005,SLE
SRR7944017,SLE
SRR7944046,SLE
SRR7944045,SLE
SRR7944044,SLE
SRR7944043,SLE
SRR7944060,SLE
SRR7943982,SLE
SRR7944058,SLE
SRR7943989,SLE
SRR7943988,SLE
SRR7943987,SLE
SRR7943986,SLE
SRR7943993,SLE
SRR7943985,SLE
SRR7944008,SLE
