SampleID,group
SRR10193781,HC
SRR10193866,HC
SRR10193834,HC
SRR10193873,HC
SRR10193895,HC
SRR10193778,HC
SRR10193860,HC
SRR10193859,HC
SRR10193812,HC
SRR10193779,HC
SRR10193823,HC
SRR10193780,HC
SRR10193788,HC
SRR10193878,HC
SRR10193811,HC
SRR10193856,HC
SRR10193829,HC
SRR10193793,HC
SRR10193795,HC
SRR10193813,HC
SRR10193850,HC
SRR10193794,HC
SRR10193816,HC
SRR10193875,HC
SRR10193901,HC
SRR10193889,HC
SRR10193902,HC
SRR10193867,HC
SRR10193900,HC
SRR10193815,HC
SRR10193871,HC
SRR10193869,HC
SRR10193888,HC
SRR10193897,HC
SRR10193890,HC
SRR10193799,HC
SRR10193836,HC
SRR10193879,HC
SRR10193876,HC
SRR10193885,HC
SRR10193855,HC
SRR10193886,HC
SRR10193896,HC
SRR10193809,HC
SRR10193791,HC
SRR10193838,HC
SRR10193802,HC
SRR10193835,HC
SRR10193819,HC
SRR10193797,HC
SRR10193806,HC
SRR10193824,HC
SRR10193796,HC
SRR10193821,HC
SRR10193817,HC
SRR10193818,HC
SRR10193820,HC
SRR10193783,HC
SRR10193830,HC
SRR10193822,HC
SRR10193833,RA
SRR10193846,RA
SRR10193841,RA
SRR10193843,RA
SRR10193848,RA
SRR10193832,RA
SRR10193803,RA
SRR10193851,RA
SRR10193844,RA
SRR10193825,RA
SRR10193804,RA
SRR10193782,RA
SRR10193814,RA
SRR10193792,RA
SRR10193805,RA
SRR10193800,RA
SRR10193826,RA
SRR10193798,RA
SRR10193787,RA
SRR10193894,RA
SRR10193777,RA
SRR10193863,RA
SRR10193810,RA
SRR10193858,RA
SRR10193881,RA
SRR10193837,RA
SRR10193870,RA
SRR10193880,RA
SRR10193899,RA
SRR10193884,RA
SRR10193898,RA
SRR10193891,RA
SRR10193877,RA
SRR10193862,RA
SRR10193887,RA
SRR10193845,RA
SRR10193883,RA
SRR10193853,RA
SRR10193864,RA
SRR10193882,RA
SRR10193872,RA
SRR10193854,RA
SRR10193892,RA
SRR10193857,RA
SRR10193868,RA
SRR10193852,RA
SRR10193874,RA
SRR10193893,RA
SRR10193828,RA
SRR10193785,RA
SRR10193865,RA
SRR10193861,RA
SRR10193839,RA
SRR10193784,RA
SRR10193849,RA
SRR10193840,RA
SRR10193831,RA
SRR10193842,RA
SRR10193789,RA
SRR10193847,RA
SRR10193827,RA
SRR10193790,RA
SRR10193808,RA
SRR10193807,RA
SRR10193801,RA
SRR10193786,RA
