SampleID,group
SRR10442395,ASD
SRR10442279,ASD
SRR10442393,ASD
SRR10442382,ASD
SRR10442371,ASD
SRR10442363,ASD
SRR10442362,ASD
SRR10442361,ASD
SRR10442360,ASD
SRR10442359,ASD
SRR10442358,ASD
SRR10442394,ASD
SRR10442357,ASD
SRR10442355,ASD
SRR10442354,ASD
SRR10442353,ASD
SRR10442352,ASD
SRR10442351,ASD
SRR10442350,ASD
SRR10442349,ASD
SRR10442348,ASD
SRR10442347,ASD
SRR10442356,ASD
SRR10442346,ASD
SRR10442344,ASD
SRR10442343,ASD
SRR10442342,ASD
SRR10442341,ASD
SRR10442340,ASD
SRR10442339,ASD
SRR10442338,ASD
SRR10442337,ASD
SRR10442336,ASD
SRR10442345,ASD
SRR10442335,ASD
SRR10442333,ASD
SRR10442332,ASD
SRR10442331,ASD
SRR10442330,ASD
SRR10442329,ASD
SRR10442328,ASD
SRR10442327,ASD
SRR10442326,ASD
SRR10442325,ASD
SRR10442334,ASD
SRR10442324,ASD
SRR10442322,ASD
SRR10442321,ASD
SRR10442320,ASD
SRR10442319,ASD
SRR10442318,ASD
SRR10442317,ASD
SRR10442316,ASD
SRR10442315,ASD
SRR10442314,ASD
SRR10442323,ASD
SRR10442313,ASD
SRR10442311,ASD
SRR10442310,ASD
SRR10442309,ASD
SRR10442308,ASD
SRR10442307,ASD
SRR10442306,ASD
SRR10442305,ASD
SRR10442304,ASD
SRR10442303,ASD
SRR10442312,ASD
SRR10442302,ASD
SRR10442300,ASD
SRR10442299,ASD
SRR10442298,ASD
SRR10442297,ASD
SRR10442296,ASD
SRR10442295,ASD
SRR10442294,ASD
SRR10442301,ASD
SRR10442290,ASD
SRR10442293,HCs
SRR10442283,HCs
SRR10442282,HCs
SRR10442281,HCs
SRR10442280,HCs
SRR10442278,HCs
SRR10442277,HCs
SRR10442276,HCs
SRR10442275,HCs
SRR10442274,HCs
SRR10442273,HCs
SRR10442292,HCs
SRR10442272,HCs
SRR10442271,HCs
SRR10442270,HCs
SRR10442269,HCs
SRR10442392,HCs
SRR10442391,HCs
SRR10442390,HCs
SRR10442389,HCs
SRR10442388,HCs
SRR10442387,HCs
SRR10442291,HCs
SRR10442386,HCs
SRR10442385,HCs
SRR10442384,HCs
SRR10442383,HCs
SRR10442381,HCs
SRR10442380,HCs
SRR10442379,HCs
SRR10442378,HCs
SRR10442377,HCs
SRR10442376,HCs
SRR10442289,HCs
SRR10442375,HCs
SRR10442374,HCs
SRR10442373,HCs
SRR10442372,HCs
SRR10442370,HCs
SRR10442369,HCs
SRR10442368,HCs
SRR10442367,HCs
SRR10442366,HCs
SRR10442365,HCs
SRR10442288,HCs
SRR10442364,HCs
SRR10442287,HCs
SRR10442286,HCs
SRR10442285,HCs
SRR10442284,HCs
