Dataset	Sample	Subject	Study.Group	Age	Age.Units	Gender	DOI	Publication.Name	Delivery_Route	T1D_Diagnosed	Post_T1D_Diag	HLA_Risk_Class	AAB_positive	AAB_Post_LastNeg	AAB_Post_FistPos	AbxExposureAbsolute	PostAbxExposure	AbxAtCollection	AbxPreCollection	IllnessAtCollection	IAA_Level	GADA_Level	IA2A_Level	ZNT8A_Level	ICA_Level	IAA_Positive	GADA_Positive	IA2A_Positive	ZNT8A_Positive	ICA_Positive	Flowcell	Total_Reads	Read_Depth_Class	DNA_Concentration	DNA_Yield_Class	Container_1	Container_2	Tech_rep_exists	Country	Collection_Location	Exclusive_BF	BF	Infant_Formula	Fruits_Berries	Corn	Rice	Wheat	Oat	Barley	Rye	Buckwheat_Millet	Cereal	Root_Veg	Veg	Eggs	Soy_Prod	Milk_Prod	Meat	Fish	Solid_Food	IAA_Level_Bin	GADA_Level_Bin	IA2A_Level_Bin	ZNT8A_Level_Bin	ICA_Level_Bin	BF_Exclusive_Duration	BF_Exclusive_Positive	BF_Long_Term	T1D_Status	AAB_Level
KOSTIC_INFANTS_DIABETES_2015	G35365	T013815	case	481	Days	Female	10.1016/j.chom.2015.01.001	The Dynamics of the Human Infant Gut Microbiome in Development and in Progression towards Type 1 Diabetes	vaginal	FALSE	FALSE	2	TRUE	TRUE	TRUE	FALSE	FALSE	no_abx	no_abx	no_illness	21.78	18.46	0.07	0.09	0	TRUE	TRUE	FALSE	FALSE	FALSE	A2G7T	58398	1	1.19720912	0	CO-6489812	CO-5193197	TRUE	Estonia	Tarto	FALSE	TRUE	FALSE	TRUE	FALSE	TRUE	TRUE	TRUE	TRUE	FALSE	TRUE	TRUE	TRUE	TRUE	TRUE	FALSE	TRUE	TRUE	TRUE	TRUE	pos	pos	neg	neg	zero	150	TRUE	TRUE	seroconverted	40.4
KOSTIC_INFANTS_DIABETES_2015	G35390	T013815	case	42	Days	Female	10.1016/j.chom.2015.01.001	The Dynamics of the Human Infant Gut Microbiome in Development and in Progression towards Type 1 Diabetes	vaginal	FALSE	FALSE	2	TRUE	FALSE	FALSE	FALSE	FALSE	no_abx	no_abx	no_illness	0	0	0.127	0.146	0	FALSE	FALSE	FALSE	FALSE	FALSE	A2G7T	99260	1	26.20007133	2	CO-6489812	CO-5193197	TRUE	Estonia	Tarto	TRUE	TRUE	FALSE	FALSE	FALSE	FALSE	FALSE	FALSE	FALSE	FALSE	FALSE	FALSE	FALSE	FALSE	FALSE	FALSE	FALSE	FALSE	FALSE	FALSE	zero	zero	neg	neg	zero	150	TRUE	TRUE	seroconverted	0.273
KOSTIC_INFANTS_DIABETES_2015	G35391	E026079	case	760	Days	Male	10.1016/j.chom.2015.01.001	The Dynamics of the Human Infant Gut Microbiome in Development and in Progression towards Type 1 Diabetes	vaginal	FALSE	FALSE	3	TRUE	TRUE	TRUE	TRUE	TRUE	no_abx	Amoxicillin	no_illness	12.28	11.57	0.11	0.1	4	TRUE	TRUE	FALSE	FALSE	TRUE	A2G7T	130381	2	17.98520851	1	CO-6489812	CO-4402727	TRUE	Finland	Jorvi	FALSE	FALSE	TRUE	TRUE	TRUE	TRUE	TRUE	TRUE	TRUE	TRUE	FALSE	TRUE	TRUE	TRUE	TRUE	FALSE	TRUE	TRUE	TRUE	TRUE	pos	pos	neg	neg	pos	15	TRUE	FALSE	seroconverted	28.06
KOSTIC_INFANTS_DIABETES_2015	G35412	E016924	control	1131	Days	Female	10.1016/j.chom.2015.01.001	The Dynamics of the Human Infant Gut Microbiome in Development and in Progression towards Type 1 Diabetes	vaginal	FALSE	FALSE	2	TRUE	TRUE	FALSE	FALSE	FALSE	no_abx	no_abx	no_illness	0.9	0	0.09	0.06	0	FALSE	FALSE	FALSE	FALSE	FALSE	A2G7T	183911	2	12.99573708	1	CO-6560957	CO-5193197	FALSE	Finland	Jorvi	FALSE	FALSE	TRUE	TRUE	TRUE	TRUE	TRUE	TRUE	TRUE	TRUE	FALSE	TRUE	TRUE	TRUE	TRUE	TRUE	TRUE	TRUE	TRUE	TRUE	neg	zero	neg	neg	zero	0	FALSE	FALSE	control	1.05
KOSTIC_INFANTS_DIABETES_2015	G35421	T025418	case	477	Days	Female	10.1016/j.chom.2015.01.001	The Dynamics of the Human Infant Gut Microbiome in Development and in Progression towards Type 1 Diabetes	vaginal	TRUE	FALSE	3	TRUE	TRUE	FALSE	TRUE	FALSE	no_abx	no_abx	no_illness	0.98	3.95	0.09	0.11	0	FALSE	FALSE	FALSE	FALSE	FALSE	A2G7T	113064	2	56.93887329	2	CO-6560957	CO-5193197	TRUE	Estonia	Tarto	FALSE	FALSE	TRUE	TRUE	TRUE	TRUE	TRUE	TRUE	TRUE	TRUE	FALSE	TRUE	TRUE	TRUE	TRUE	FALSE	TRUE	TRUE	TRUE	TRUE	neg	neg	neg	neg	zero	0	FALSE	TRUE	T1D	5.13
KOSTIC_INFANTS_DIABETES_2015	G35422	T025418	case	722	Days	Female	10.1016/j.chom.2015.01.001	The Dynamics of the Human Infant Gut Microbiome in Development and in Progression towards Type 1 Diabetes	vaginal	TRUE	FALSE	3	TRUE	TRUE	TRUE	TRUE	TRUE	no_abx	Penicillin V	no_illness	0.54	131.68	0.19	0.17	0	FALSE	TRUE	FALSE	FALSE	FALSE	A2G7T	102947	2	4.979146004	1	CO-6560957	CO-5193197	TRUE	Estonia	Tarto	FALSE	FALSE	TRUE	TRUE	TRUE	TRUE	TRUE	TRUE	TRUE	TRUE	FALSE	TRUE	TRUE	TRUE	TRUE	FALSE	TRUE	TRUE	TRUE	TRUE	neg	pos	neg	neg	zero	0	FALSE	TRUE	T1D	132.58
KOSTIC_INFANTS_DIABETES_2015	G35462	T014292	control	652	Days	Female	10.1016/j.chom.2015.01.001	The Dynamics of the Human Infant Gut Microbiome in Development and in Progression towards Type 1 Diabetes	vaginal	FALSE	FALSE	2	FALSE	FALSE	FALSE	TRUE	TRUE	no_abx	Amoxicillin	no_illness	0.39	0	0.08	0.12	0	FALSE	FALSE	FALSE	FALSE	FALSE	A2G7T	128855	2	10.63643646	1	CO-6560957	CO-5193197	TRUE	Estonia	Tarto	FALSE	FALSE	FALSE	TRUE	FALSE	TRUE	TRUE	TRUE	FALSE	TRUE	FALSE	TRUE	TRUE	TRUE	TRUE	FALSE	TRUE	TRUE	TRUE	TRUE	neg	zero	neg	neg	zero	0	FALSE	TRUE	control	0.59
KOSTIC_INFANTS_DIABETES_2015	G35464	T014292	control	249	Days	Female	10.1016/j.chom.2015.01.001	The Dynamics of the Human Infant Gut Microbiome in Development and in Progression towards Type 1 Diabetes	vaginal	FALSE	FALSE	2	FALSE	FALSE	FALSE	TRUE	FALSE	no_abx	no_abx	no_illness	0.17	0.09	0.08	0.09	0	FALSE	FALSE	FALSE	FALSE	FALSE	A2G7T	97285	1	8.007688522	1	CO-6560957	CO-5193197	TRUE	Estonia	Tarto	FALSE	TRUE	FALSE	TRUE	FALSE	TRUE	TRUE	TRUE	FALSE	TRUE	FALSE	TRUE	TRUE	TRUE	FALSE	FALSE	FALSE	TRUE	FALSE	TRUE	neg	neg	neg	neg	zero	0	FALSE	TRUE	control	0.43
KOSTIC_INFANTS_DIABETES_2015	G35465	E018268	control	606	Days	Female	10.1016/j.chom.2015.01.001	The Dynamics of the Human Infant Gut Microbiome in Development and in Progression towards Type 1 Diabetes	vaginal	FALSE	FALSE	3	FALSE	FALSE	FALSE	TRUE	TRUE	no_abx	Amoxicillin and clavulanic acid	no_illness	0.27	0	0.07	0.05	0	FALSE	FALSE	FALSE	FALSE	FALSE	A49HE	380934	2	26.71079063	2	CO-6560957	CO-5193197	FALSE	Finland	Jorvi	FALSE	FALSE	TRUE	TRUE	TRUE	TRUE	TRUE	TRUE	TRUE	TRUE	FALSE	TRUE	TRUE	TRUE	FALSE	FALSE	TRUE	TRUE	TRUE	TRUE	neg	zero	neg	neg	zero	119	TRUE	FALSE	control	0.39
KOSTIC_INFANTS_DIABETES_2015	G35473	E022137	case	767	Days	Male	10.1016/j.chom.2015.01.001	The Dynamics of the Human Infant Gut Microbiome in Development and in Progression towards Type 1 Diabetes	vaginal	FALSE	FALSE	3	TRUE	TRUE	TRUE	FALSE	FALSE	no_abx	no_abx	no_illness	11.15	13.73	0.33	0.19	0	TRUE	TRUE	FALSE	FALSE	FALSE	A2G7T	303132	2	76.11322021	2	CO-6560957	CO-5193197	TRUE	Finland	Jorvi	FALSE	FALSE	TRUE	TRUE	TRUE	TRUE	TRUE	TRUE	TRUE	FALSE	TRUE	TRUE	TRUE	TRUE	TRUE	TRUE	TRUE	TRUE	TRUE	TRUE	pos	pos	neg	neg	zero	151	TRUE	TRUE	seroconverted	25.4
KOSTIC_INFANTS_DIABETES_2015	G35867	E001463	control	638	Days	Male	10.1016/j.chom.2015.01.001	The Dynamics of the Human Infant Gut Microbiome in Development and in Progression towards Type 1 Diabetes	vaginal	FALSE	FALSE	3	FALSE	FALSE	FALSE	TRUE	FALSE	no_abx	no_abx	no_illness	0	0	0.16	0.095	0	FALSE	FALSE	FALSE	FALSE	FALSE	A49HE	254998	1	9.359108925	1	CO-6616307	CO-6571127	FALSE	Finland	Jorvi	FALSE	FALSE	TRUE	TRUE	TRUE	TRUE	TRUE	TRUE	TRUE	TRUE	TRUE	TRUE	TRUE	TRUE	FALSE	FALSE	TRUE	TRUE	TRUE	TRUE	zero	zero	neg	neg	zero	123	TRUE	TRUE	control	0.255
KOSTIC_INFANTS_DIABETES_2015	G35881	E001463	control	1062	Days	Male	10.1016/j.chom.2015.01.001	The Dynamics of the Human Infant Gut Microbiome in Development and in Progression towards Type 1 Diabetes	vaginal	FALSE	FALSE	3	FALSE	FALSE	FALSE	TRUE	TRUE	no_abx	Amoxicillin and clavulanic acid	no_illness	0	0.93	0.1	0.05	0	FALSE	FALSE	FALSE	FALSE	FALSE	A3RE3	60153	1	6.913486958	1	CO-6569853	CO-6489811	TRUE	Finland	Jorvi	FALSE	FALSE	TRUE	TRUE	TRUE	TRUE	TRUE	TRUE	TRUE	TRUE	TRUE	TRUE	TRUE	TRUE	FALSE	FALSE	TRUE	TRUE	TRUE	TRUE	zero	neg	neg	neg	zero	123	TRUE	TRUE	control	1.08
KOSTIC_INFANTS_DIABETES_2015	G35892	E018268	control	747	Days	Female	10.1016/j.chom.2015.01.001	The Dynamics of the Human Infant Gut Microbiome in Development and in Progression towards Type 1 Diabetes	vaginal	FALSE	FALSE	3	FALSE	FALSE	FALSE	TRUE	TRUE	no_abx	Amoxicillin and clavulanic acid	no_illness	0.27	0	0.07	0.05	0	FALSE	FALSE	FALSE	FALSE	FALSE	A3RE3	81469	1	28.62826538	2	CO-6569853	CO-6489811	TRUE	Finland	Jorvi	FALSE	FALSE	TRUE	TRUE	TRUE	TRUE	TRUE	TRUE	TRUE	TRUE	FALSE	TRUE	TRUE	TRUE	FALSE	FALSE	TRUE	TRUE	TRUE	TRUE	neg	zero	neg	neg	zero	119	TRUE	FALSE	control	0.39
KOSTIC_INFANTS_DIABETES_2015	G35894	E018268	control	1233	Days	Female	10.1016/j.chom.2015.01.001	The Dynamics of the Human Infant Gut Microbiome in Development and in Progression towards Type 1 Diabetes	vaginal	FALSE	FALSE	3	FALSE	FALSE	FALSE	TRUE	TRUE	no_abx	Amoxicillin and clavulanic acid	no_illness	0.34	0	0.1	0.14	0	FALSE	FALSE	FALSE	FALSE	FALSE	A3RE3	55234	1	4.497215748	1	CO-6569853	CO-6489811	TRUE	Finland	Jorvi	FALSE	FALSE	TRUE	TRUE	TRUE	TRUE	TRUE	TRUE	TRUE	TRUE	FALSE	TRUE	TRUE	TRUE	FALSE	FALSE	TRUE	TRUE	TRUE	TRUE	neg	zero	neg	neg	zero	119	TRUE	FALSE	control	0.58
KOSTIC_INFANTS_DIABETES_2015	G35898	E022137	case	397	Days	Male	10.1016/j.chom.2015.01.001	The Dynamics of the Human Infant Gut Microbiome in Development and in Progression towards Type 1 Diabetes	vaginal	FALSE	FALSE	3	TRUE	TRUE	FALSE	FALSE	FALSE	no_abx	no_abx	no_illness	2.51	2.49	0.17	0.33	0	FALSE	FALSE	FALSE	FALSE	FALSE	A3RE3	98208	1	11.83599472	1	CO-6569853	CO-6489811	TRUE	Finland	Jorvi	FALSE	TRUE	TRUE	TRUE	TRUE	TRUE	TRUE	TRUE	TRUE	FALSE	TRUE	TRUE	TRUE	TRUE	TRUE	TRUE	TRUE	TRUE	TRUE	TRUE	neg	neg	neg	neg	zero	151	TRUE	TRUE	seroconverted	5.5
KOSTIC_INFANTS_DIABETES_2015	G35906	E022852	control	973	Days	Male	10.1016/j.chom.2015.01.001	The Dynamics of the Human Infant Gut Microbiome in Development and in Progression towards Type 1 Diabetes	cesarian	FALSE	FALSE	3	FALSE	FALSE	FALSE	FALSE	FALSE	no_abx	no_abx	no_illness	1.08	0.47	0.08	0.09	0	FALSE	FALSE	FALSE	FALSE	FALSE	A49HE	229654	1	71.61921692	2	CO-6569853	CO-6489811	FALSE	Finland	Jorvi	FALSE	FALSE	TRUE	TRUE	TRUE	TRUE	TRUE	TRUE	FALSE	TRUE	FALSE	TRUE	TRUE	TRUE	TRUE	FALSE	TRUE	TRUE	TRUE	TRUE	neg	neg	neg	neg	zero	0	FALSE	FALSE	control	1.72
KOSTIC_INFANTS_DIABETES_2015	G35923	E022852	control	362	Days	Male	10.1016/j.chom.2015.01.001	The Dynamics of the Human Infant Gut Microbiome in Development and in Progression towards Type 1 Diabetes	cesarian	FALSE	FALSE	3	FALSE	FALSE	FALSE	FALSE	FALSE	no_abx	no_abx	no_illness	0.06	0	0.07	0.08	0	FALSE	FALSE	FALSE	FALSE	FALSE	A49HE	227684	2	13.45043373	1	CO-6613160	CO-6571127	FALSE	Finland	Jorvi	FALSE	FALSE	TRUE	TRUE	TRUE	TRUE	TRUE	TRUE	FALSE	TRUE	FALSE	TRUE	TRUE	TRUE	TRUE	FALSE	TRUE	TRUE	TRUE	TRUE	neg	zero	neg	neg	zero	0	FALSE	FALSE	control	0.21
KOSTIC_INFANTS_DIABETES_2015	G35936	E017751	case	692	Days	Female	10.1016/j.chom.2015.01.001	The Dynamics of the Human Infant Gut Microbiome in Development and in Progression towards Type 1 Diabetes	vaginal	FALSE	FALSE	2	TRUE	TRUE	TRUE	TRUE	TRUE	no_abx	Amoxicillin	no_illness	6.81	0	0.08	0.09	0	TRUE	FALSE	FALSE	FALSE	FALSE	A3RE3	100338	2	10.97129345	1	CO-6569853	CO-6489811	TRUE	Finland	Jorvi	FALSE	FALSE	TRUE	TRUE	TRUE	TRUE	TRUE	TRUE	TRUE	TRUE	FALSE	TRUE	TRUE	TRUE	TRUE	FALSE	TRUE	TRUE	TRUE	TRUE	pos	zero	neg	neg	zero	119	TRUE	TRUE	seroconverted	6.98
KOSTIC_INFANTS_DIABETES_2015	G35940	E017751	case	722	Days	Female	10.1016/j.chom.2015.01.001	The Dynamics of the Human Infant Gut Microbiome in Development and in Progression towards Type 1 Diabetes	vaginal	FALSE	FALSE	2	TRUE	TRUE	TRUE	TRUE	TRUE	no_abx	Amoxicillin	no_illness	6.81	0	0.08	0.09	0	TRUE	FALSE	FALSE	FALSE	FALSE	A3RE3	132816	2	24.80822945	2	CO-6572385	CO-6489811	FALSE	Finland	Jorvi	FALSE	FALSE	TRUE	TRUE	TRUE	TRUE	TRUE	TRUE	TRUE	TRUE	FALSE	TRUE	TRUE	TRUE	TRUE	FALSE	TRUE	TRUE	TRUE	TRUE	pos	zero	neg	neg	zero	119	TRUE	TRUE	seroconverted	6.98
KOSTIC_INFANTS_DIABETES_2015	G35941	E017751	case	778	Days	Female	10.1016/j.chom.2015.01.001	The Dynamics of the Human Infant Gut Microbiome in Development and in Progression towards Type 1 Diabetes	vaginal	FALSE	FALSE	2	TRUE	TRUE	TRUE	TRUE	TRUE	no_abx	Amoxicillin	no_illness	15.8	0	0.17	0.1	4	TRUE	FALSE	FALSE	FALSE	TRUE	A3RE3	45183	1	16.12187958	1	CO-6572385	CO-6489811	FALSE	Finland	Jorvi	FALSE	FALSE	TRUE	TRUE	TRUE	TRUE	TRUE	TRUE	TRUE	TRUE	FALSE	TRUE	TRUE	TRUE	TRUE	FALSE	TRUE	TRUE	TRUE	TRUE	pos	zero	neg	neg	pos	119	TRUE	TRUE	seroconverted	20.07
KOSTIC_INFANTS_DIABETES_2015	G35942	E017751	case	179	Days	Female	10.1016/j.chom.2015.01.001	The Dynamics of the Human Infant Gut Microbiome in Development and in Progression towards Type 1 Diabetes	vaginal	FALSE	FALSE	2	TRUE	TRUE	FALSE	TRUE	FALSE	no_abx	no_abx	no_illness	0	0.89	0.12	0.05	0	FALSE	FALSE	FALSE	FALSE	FALSE	A3RE3	80198	1	5.975747585	1	CO-6572385	CO-6489811	FALSE	Finland	Jorvi	FALSE	TRUE	TRUE	TRUE	TRUE	FALSE	FALSE	TRUE	FALSE	FALSE	FALSE	TRUE	TRUE	TRUE	FALSE	FALSE	FALSE	TRUE	FALSE	TRUE	zero	neg	neg	neg	zero	119	TRUE	TRUE	seroconverted	1.06
KOSTIC_INFANTS_DIABETES_2015	G35948	E017751	case	502	Days	Female	10.1016/j.chom.2015.01.001	The Dynamics of the Human Infant Gut Microbiome in Development and in Progression towards Type 1 Diabetes	vaginal	FALSE	FALSE	2	TRUE	TRUE	TRUE	TRUE	TRUE	no_abx	Amoxicillin	no_illness	19.56	0	0.11	0.13	0	TRUE	FALSE	FALSE	FALSE	FALSE	A3RE3	80418	1	30.30607605	2	CO-6572385	CO-6489811	FALSE	Finland	Jorvi	FALSE	FALSE	TRUE	TRUE	TRUE	TRUE	TRUE	TRUE	TRUE	TRUE	FALSE	TRUE	TRUE	TRUE	TRUE	FALSE	TRUE	TRUE	TRUE	TRUE	pos	zero	neg	neg	zero	119	TRUE	TRUE	seroconverted	19.8
KOSTIC_INFANTS_DIABETES_2015	G35951	E010937	case	938	Days	Female	10.1016/j.chom.2015.01.001	The Dynamics of the Human Infant Gut Microbiome in Development and in Progression towards Type 1 Diabetes	vaginal	TRUE	FALSE	4	TRUE	TRUE	TRUE	TRUE	TRUE	no_abx	Amoxicillin	no_illness	7.83	0.37	456.5	3.48	256	TRUE	FALSE	TRUE	TRUE	TRUE	A3RE3	51456	1	14.95007229	1	CO-6572385	CO-6489811	FALSE	Finland	Jorvi	FALSE	FALSE	FALSE	TRUE	TRUE	TRUE	TRUE	TRUE	TRUE	TRUE	FALSE	TRUE	TRUE	TRUE	TRUE	FALSE	TRUE	TRUE	TRUE	TRUE	pos	neg	pos	pos	pos	129	TRUE	TRUE	T1D	724.18
KOSTIC_INFANTS_DIABETES_2015	G35952	E010937	case	964	Days	Female	10.1016/j.chom.2015.01.001	The Dynamics of the Human Infant Gut Microbiome in Development and in Progression towards Type 1 Diabetes	vaginal	TRUE	TRUE	4	TRUE	TRUE	TRUE	TRUE	TRUE	no_abx	Amoxicillin	no_illness	7.83	0.37	456.5	3.48	256	TRUE	FALSE	TRUE	TRUE	TRUE	A3RE3	49195	1	53.28865814	2	CO-6572385	CO-6489811	FALSE	Finland	Jorvi	FALSE	FALSE	FALSE	TRUE	TRUE	TRUE	TRUE	TRUE	TRUE	TRUE	FALSE	TRUE	TRUE	TRUE	TRUE	FALSE	TRUE	TRUE	TRUE	TRUE	pos	neg	pos	pos	pos	129	TRUE	TRUE	T1D	724.18
KOSTIC_INFANTS_DIABETES_2015	G35954	E010937	case	1027	Days	Female	10.1016/j.chom.2015.01.001	The Dynamics of the Human Infant Gut Microbiome in Development and in Progression towards Type 1 Diabetes	vaginal	TRUE	TRUE	4	TRUE	TRUE	TRUE	TRUE	TRUE	no_abx	Amoxicillin	no_illness	7.83	0.37	456.5	3.48	256	TRUE	FALSE	TRUE	TRUE	TRUE	A3RE3	44989	1	25.2662735	2	CO-6572385	CO-6489811	FALSE	Finland	Jorvi	FALSE	FALSE	FALSE	TRUE	TRUE	TRUE	TRUE	TRUE	TRUE	TRUE	FALSE	TRUE	TRUE	TRUE	TRUE	FALSE	TRUE	TRUE	TRUE	TRUE	pos	neg	pos	pos	pos	129	TRUE	TRUE	T1D	724.18
KOSTIC_INFANTS_DIABETES_2015	G35961	E010937	case	509	Days	Female	10.1016/j.chom.2015.01.001	The Dynamics of the Human Infant Gut Microbiome in Development and in Progression towards Type 1 Diabetes	vaginal	TRUE	FALSE	4	TRUE	FALSE	FALSE	TRUE	TRUE	no_abx	Trimetoprime and sulfadiazine	no_illness	0.09	1.1	0.099	0.03	0	FALSE	FALSE	FALSE	FALSE	FALSE	A3RE3	72275	1	13.3336544	1	CO-6572385	CO-6560957	FALSE	Finland	Jorvi	FALSE	TRUE	FALSE	TRUE	TRUE	TRUE	TRUE	TRUE	TRUE	TRUE	FALSE	TRUE	TRUE	TRUE	TRUE	FALSE	TRUE	TRUE	TRUE	TRUE	neg	neg	neg	neg	zero	129	TRUE	TRUE	T1D	1.319
KOSTIC_INFANTS_DIABETES_2015	G35965	E010937	case	630	Days	Female	10.1016/j.chom.2015.01.001	The Dynamics of the Human Infant Gut Microbiome in Development and in Progression towards Type 1 Diabetes	vaginal	TRUE	FALSE	4	TRUE	TRUE	FALSE	TRUE	TRUE	no_abx	Trimetoprime and sulfadiazine	no_illness	2.42	0	0.17	0.07	0	FALSE	FALSE	FALSE	FALSE	FALSE	A3RE3	16443	0	26.93038559	2	CO-6569853	CO-6560957	FALSE	Finland	Jorvi	FALSE	FALSE	FALSE	TRUE	TRUE	TRUE	TRUE	TRUE	TRUE	TRUE	FALSE	TRUE	TRUE	TRUE	TRUE	FALSE	TRUE	TRUE	TRUE	TRUE	neg	zero	neg	neg	zero	129	TRUE	TRUE	T1D	2.66
KOSTIC_INFANTS_DIABETES_2015	G35966	E010937	case	661	Days	Female	10.1016/j.chom.2015.01.001	The Dynamics of the Human Infant Gut Microbiome in Development and in Progression towards Type 1 Diabetes	vaginal	TRUE	FALSE	4	TRUE	TRUE	FALSE	TRUE	TRUE	no_abx	Trimetoprime and sulfadiazine	no_illness	2.42	0	0.17	0.07	0	FALSE	FALSE	FALSE	FALSE	FALSE	A3RE3	48866	1	18.99253845	1	CO-6569853	CO-6560957	FALSE	Finland	Jorvi	FALSE	FALSE	FALSE	TRUE	TRUE	TRUE	TRUE	TRUE	TRUE	TRUE	FALSE	TRUE	TRUE	TRUE	TRUE	FALSE	TRUE	TRUE	TRUE	TRUE	neg	zero	neg	neg	zero	129	TRUE	TRUE	T1D	2.66
KOSTIC_INFANTS_DIABETES_2015	G35967	E010937	case	692	Days	Female	10.1016/j.chom.2015.01.001	The Dynamics of the Human Infant Gut Microbiome in Development and in Progression towards Type 1 Diabetes	vaginal	TRUE	FALSE	4	TRUE	TRUE	FALSE	TRUE	TRUE	no_abx	Trimetoprime and sulfadiazine	no_illness	2.42	0	0.17	0.07	0	FALSE	FALSE	FALSE	FALSE	FALSE	A3RE3	51659	1	35.23153687	2	CO-6569853	CO-6560957	FALSE	Finland	Jorvi	FALSE	FALSE	FALSE	TRUE	TRUE	TRUE	TRUE	TRUE	TRUE	TRUE	FALSE	TRUE	TRUE	TRUE	TRUE	FALSE	TRUE	TRUE	TRUE	TRUE	neg	zero	neg	neg	zero	129	TRUE	TRUE	T1D	2.66
KOSTIC_INFANTS_DIABETES_2015	G35972	E010937	case	237	Days	Female	10.1016/j.chom.2015.01.001	The Dynamics of the Human Infant Gut Microbiome in Development and in Progression towards Type 1 Diabetes	vaginal	TRUE	FALSE	4	TRUE	FALSE	FALSE	TRUE	TRUE	no_abx	Trimetoprime and sulfadiazine	no_illness	0.219	0	0.071	0.063	0	FALSE	FALSE	FALSE	FALSE	FALSE	A3RE3	49791	1	83.17263031	2	CO-6569853	CO-6560957	FALSE	Finland	Jorvi	FALSE	TRUE	FALSE	TRUE	TRUE	FALSE	TRUE	TRUE	TRUE	TRUE	FALSE	TRUE	TRUE	TRUE	TRUE	FALSE	FALSE	TRUE	FALSE	TRUE	neg	zero	neg	neg	zero	129	TRUE	TRUE	T1D	0.353
KOSTIC_INFANTS_DIABETES_2015	G35976	E010937	case	385	Days	Female	10.1016/j.chom.2015.01.001	The Dynamics of the Human Infant Gut Microbiome in Development and in Progression towards Type 1 Diabetes	vaginal	TRUE	FALSE	4	TRUE	FALSE	FALSE	TRUE	TRUE	no_abx	Azithromycin	no_illness	0.09	1.1	0.099	0.03	0	FALSE	FALSE	FALSE	FALSE	FALSE	A3RE3	44806	1	8.221935272	1	CO-6569853	CO-6560957	FALSE	Finland	Jorvi	FALSE	TRUE	FALSE	TRUE	TRUE	TRUE	TRUE	TRUE	TRUE	TRUE	FALSE	TRUE	TRUE	TRUE	TRUE	FALSE	TRUE	TRUE	TRUE	TRUE	neg	neg	neg	neg	zero	129	TRUE	TRUE	T1D	1.319
KOSTIC_INFANTS_DIABETES_2015	G35983	E010629	case	389	Days	Male	10.1016/j.chom.2015.01.001	The Dynamics of the Human Infant Gut Microbiome in Development and in Progression towards Type 1 Diabetes	vaginal	FALSE	FALSE	3	TRUE	TRUE	FALSE	TRUE	TRUE	no_abx	Amoxicillin and clavulanic acid	no_illness	2.35	0	0.1	0.04	0	FALSE	FALSE	FALSE	FALSE	FALSE	A3RE3	62411	1	8.095162392	1	CO-6569853	CO-6560957	FALSE	Finland	Jorvi	FALSE	FALSE	TRUE	TRUE	TRUE	TRUE	TRUE	TRUE	FALSE	FALSE	FALSE	TRUE	TRUE	TRUE	TRUE	FALSE	TRUE	TRUE	TRUE	TRUE	neg	zero	neg	neg	zero	110	TRUE	FALSE	seroconverted	2.49
KOSTIC_INFANTS_DIABETES_2015	G35984	E010629	case	1089	Days	Male	10.1016/j.chom.2015.01.001	The Dynamics of the Human Infant Gut Microbiome in Development and in Progression towards Type 1 Diabetes	vaginal	FALSE	FALSE	3	TRUE	TRUE	TRUE	TRUE	TRUE	no_abx	Amoxicillin	no_illness	5.13	7.46	0.12	1.37	256	TRUE	TRUE	FALSE	TRUE	TRUE	A3RE3	117070	2	19.81173515	1	CO-6569853	CO-6560957	FALSE	Finland	Jorvi	FALSE	FALSE	TRUE	TRUE	TRUE	TRUE	TRUE	TRUE	FALSE	FALSE	FALSE	TRUE	TRUE	TRUE	TRUE	FALSE	TRUE	TRUE	TRUE	TRUE	pos	pos	neg	pos	pos	110	TRUE	FALSE	seroconverted	270.08
KOSTIC_INFANTS_DIABETES_2015	G35992	E017751	case	333	Days	Female	10.1016/j.chom.2015.01.001	The Dynamics of the Human Infant Gut Microbiome in Development and in Progression towards Type 1 Diabetes	vaginal	FALSE	FALSE	2	TRUE	TRUE	TRUE	TRUE	TRUE	no_abx	Amoxicillin	no_illness	10.34	0	0.06	0.06	0	TRUE	FALSE	FALSE	FALSE	FALSE	A3RE3	38293	1	7.617115021	1	CO-6572385	CO-6560957	FALSE	Finland	Jorvi	FALSE	TRUE	TRUE	TRUE	TRUE	TRUE	TRUE	TRUE	TRUE	TRUE	FALSE	TRUE	TRUE	TRUE	TRUE	FALSE	TRUE	TRUE	TRUE	TRUE	pos	zero	neg	neg	zero	119	TRUE	TRUE	seroconverted	10.46
KOSTIC_INFANTS_DIABETES_2015	G36004	E006673	control	207	Days	Female	10.1016/j.chom.2015.01.001	The Dynamics of the Human Infant Gut Microbiome in Development and in Progression towards Type 1 Diabetes	vaginal	FALSE	FALSE	4	FALSE	FALSE	FALSE	FALSE	FALSE	no_abx	no_abx	no_illness	0	0	0.134	0.031	0	FALSE	FALSE	FALSE	FALSE	FALSE	A3RE3	19078	0	46.03257751	2	CO-6572385	CO-6560957	FALSE	Finland	Jorvi	FALSE	TRUE	TRUE	TRUE	TRUE	TRUE	TRUE	TRUE	TRUE	TRUE	FALSE	TRUE	TRUE	TRUE	FALSE	FALSE	TRUE	TRUE	TRUE	TRUE	zero	zero	neg	neg	zero	119	TRUE	FALSE	control	0.165
KOSTIC_INFANTS_DIABETES_2015	G36008	E006673	control	339	Days	Female	10.1016/j.chom.2015.01.001	The Dynamics of the Human Infant Gut Microbiome in Development and in Progression towards Type 1 Diabetes	vaginal	FALSE	FALSE	4	FALSE	FALSE	FALSE	FALSE	FALSE	no_abx	no_abx	no_illness	0	0	0.134	0.031	0	FALSE	FALSE	FALSE	FALSE	FALSE	A3RE3	116365	2	52.00554657	2	CO-6572385	CO-6560957	FALSE	Finland	Jorvi	FALSE	FALSE	TRUE	TRUE	TRUE	TRUE	TRUE	TRUE	TRUE	TRUE	FALSE	TRUE	TRUE	TRUE	FALSE	FALSE	TRUE	TRUE	TRUE	TRUE	zero	zero	neg	neg	zero	119	TRUE	FALSE	control	0.165
KOSTIC_INFANTS_DIABETES_2015	G36013	E006673	control	431	Days	Female	10.1016/j.chom.2015.01.001	The Dynamics of the Human Infant Gut Microbiome in Development and in Progression towards Type 1 Diabetes	vaginal	FALSE	FALSE	4	FALSE	FALSE	FALSE	FALSE	FALSE	no_abx	no_abx	no_illness	0.387	0	0.179	0.108	0	FALSE	FALSE	FALSE	FALSE	FALSE	A3RE3	63978	1	17.26343918	1	CO-6572385	CO-6560957	FALSE	Finland	Jorvi	FALSE	FALSE	TRUE	TRUE	TRUE	TRUE	TRUE	TRUE	TRUE	TRUE	FALSE	TRUE	TRUE	TRUE	TRUE	FALSE	TRUE	TRUE	TRUE	TRUE	neg	zero	neg	neg	zero	119	TRUE	FALSE	control	0.674
KOSTIC_INFANTS_DIABETES_2015	G36018	E006673	control	536	Days	Female	10.1016/j.chom.2015.01.001	The Dynamics of the Human Infant Gut Microbiome in Development and in Progression towards Type 1 Diabetes	vaginal	FALSE	FALSE	4	FALSE	FALSE	FALSE	FALSE	FALSE	no_abx	no_abx	no_illness	0.387	0	0.179	0.108	0	FALSE	FALSE	FALSE	FALSE	FALSE	A3RE3	280212	2	119.3671722	2	CO-6572385	CO-6560957	FALSE	Finland	Jorvi	FALSE	FALSE	TRUE	TRUE	TRUE	TRUE	TRUE	TRUE	TRUE	TRUE	FALSE	TRUE	TRUE	TRUE	TRUE	FALSE	TRUE	TRUE	TRUE	TRUE	neg	zero	neg	neg	zero	119	TRUE	FALSE	control	0.674
KOSTIC_INFANTS_DIABETES_2015	G36022	E006673	control	705	Days	Female	10.1016/j.chom.2015.01.001	The Dynamics of the Human Infant Gut Microbiome in Development and in Progression towards Type 1 Diabetes	vaginal	FALSE	FALSE	4	FALSE	FALSE	FALSE	FALSE	FALSE	no_abx	no_abx	no_illness	0.37	2.7	0.08	0.08	0	FALSE	FALSE	FALSE	FALSE	FALSE	A3RE3	139276	2	35.27873611	2	CO-6572385	CO-6560957	FALSE	Finland	Jorvi	FALSE	FALSE	TRUE	TRUE	TRUE	TRUE	TRUE	TRUE	TRUE	TRUE	FALSE	TRUE	TRUE	TRUE	TRUE	FALSE	TRUE	TRUE	TRUE	TRUE	neg	neg	neg	neg	zero	119	TRUE	FALSE	control	3.23
KOSTIC_INFANTS_DIABETES_2015	G36025	E001463	control	457	Days	Male	10.1016/j.chom.2015.01.001	The Dynamics of the Human Infant Gut Microbiome in Development and in Progression towards Type 1 Diabetes	vaginal	FALSE	FALSE	3	FALSE	FALSE	FALSE	TRUE	FALSE	no_abx	no_abx	no_illness	0.196	0	0.055	0.064	0	FALSE	FALSE	FALSE	FALSE	FALSE	A3RE3	20428	0	18.35483932	1	CO-6572385	CO-6560957	FALSE	Finland	Jorvi	FALSE	FALSE	TRUE	TRUE	TRUE	TRUE	TRUE	TRUE	TRUE	TRUE	TRUE	TRUE	TRUE	TRUE	FALSE	FALSE	TRUE	TRUE	TRUE	TRUE	neg	zero	neg	neg	zero	123	TRUE	TRUE	control	0.315
KOSTIC_INFANTS_DIABETES_2015	G36032	T025418	case	568	Days	Female	10.1016/j.chom.2015.01.001	The Dynamics of the Human Infant Gut Microbiome in Development and in Progression towards Type 1 Diabetes	vaginal	TRUE	FALSE	3	TRUE	TRUE	TRUE	TRUE	FALSE	no_abx	no_abx	no_illness	0.54	131.68	0.19	0.17	0	FALSE	TRUE	FALSE	FALSE	FALSE	A3RE3	75530	1	19.7820034	1	CO-6572385	CO-6560957	FALSE	Estonia	Tarto	FALSE	FALSE	TRUE	TRUE	TRUE	TRUE	TRUE	TRUE	TRUE	TRUE	FALSE	TRUE	TRUE	TRUE	TRUE	FALSE	TRUE	TRUE	TRUE	TRUE	neg	pos	neg	neg	zero	0	FALSE	TRUE	T1D	132.58
KOSTIC_INFANTS_DIABETES_2015	G36154	E022137	case	612	Days	Male	10.1016/j.chom.2015.01.001	The Dynamics of the Human Infant Gut Microbiome in Development and in Progression towards Type 1 Diabetes	vaginal	FALSE	FALSE	3	TRUE	TRUE	TRUE	FALSE	FALSE	no_abx	no_abx	no_illness	3.29	4.42	0.1	0.13	0	TRUE	FALSE	FALSE	FALSE	FALSE	A2RDP	143675	2	22.04771423	2	CO-6593410	CO-6593410	FALSE	Finland	Jorvi	FALSE	FALSE	TRUE	TRUE	TRUE	TRUE	TRUE	TRUE	TRUE	FALSE	TRUE	TRUE	TRUE	TRUE	TRUE	TRUE	TRUE	TRUE	TRUE	TRUE	pos	neg	neg	neg	zero	151	TRUE	TRUE	seroconverted	7.94
KOSTIC_INFANTS_DIABETES_2015	G36159	E026079	case	227	Days	Male	10.1016/j.chom.2015.01.001	The Dynamics of the Human Infant Gut Microbiome in Development and in Progression towards Type 1 Diabetes	vaginal	FALSE	FALSE	3	TRUE	FALSE	FALSE	TRUE	FALSE	no_abx	no_abx	no_illness	1.36	0	0.07	0.07	0	FALSE	FALSE	FALSE	FALSE	FALSE	A2RDP	51071	1	8.111056328	1	CO-6593410	CO-6593410	FALSE	Finland	Jorvi	FALSE	FALSE	TRUE	TRUE	TRUE	TRUE	TRUE	TRUE	TRUE	TRUE	FALSE	TRUE	TRUE	TRUE	FALSE	FALSE	FALSE	TRUE	TRUE	TRUE	neg	zero	neg	neg	zero	15	TRUE	FALSE	seroconverted	1.5
KOSTIC_INFANTS_DIABETES_2015	G36165	E018268	control	352	Days	Female	10.1016/j.chom.2015.01.001	The Dynamics of the Human Infant Gut Microbiome in Development and in Progression towards Type 1 Diabetes	vaginal	FALSE	FALSE	3	FALSE	FALSE	FALSE	TRUE	FALSE	no_abx	no_abx	no_illness	0	0	0.09	0.19	0	FALSE	FALSE	FALSE	FALSE	FALSE	A2RDP	79361	1	118.4821625	2	CO-6593410	CO-6593410	FALSE	Finland	Jorvi	FALSE	FALSE	TRUE	TRUE	TRUE	TRUE	TRUE	TRUE	FALSE	TRUE	FALSE	TRUE	TRUE	TRUE	FALSE	FALSE	TRUE	TRUE	TRUE	TRUE	zero	zero	neg	neg	zero	119	TRUE	FALSE	control	0.28
KOSTIC_INFANTS_DIABETES_2015	G36179	E026079	case	369	Days	Male	10.1016/j.chom.2015.01.001	The Dynamics of the Human Infant Gut Microbiome in Development and in Progression towards Type 1 Diabetes	vaginal	FALSE	FALSE	3	TRUE	FALSE	FALSE	TRUE	FALSE	no_abx	no_abx	no_illness	1.36	0	0.07	0.07	0	FALSE	FALSE	FALSE	FALSE	FALSE	A2RDP	42401	1	118.6239014	2	CO-6593410	CO-6593410	FALSE	Finland	Jorvi	FALSE	FALSE	TRUE	TRUE	TRUE	TRUE	TRUE	TRUE	TRUE	TRUE	FALSE	TRUE	TRUE	TRUE	TRUE	FALSE	TRUE	TRUE	TRUE	TRUE	neg	zero	neg	neg	zero	15	TRUE	FALSE	seroconverted	1.5
KOSTIC_INFANTS_DIABETES_2015	G36224	E018113	case	1053	Days	Female	10.1016/j.chom.2015.01.001	The Dynamics of the Human Infant Gut Microbiome in Development and in Progression towards Type 1 Diabetes	vaginal	FALSE	FALSE	3	TRUE	TRUE	TRUE	TRUE	TRUE	no_abx	Amoxicillin	no_illness	11.98	103.29	17.41	6.04	64	TRUE	TRUE	TRUE	TRUE	TRUE	A2RDP	95327	1	18.4685154	1	CO-6593410	CO-6593410	FALSE	Finland	Jorvi	FALSE	FALSE	TRUE	TRUE	TRUE	TRUE	TRUE	TRUE	TRUE	TRUE	TRUE	TRUE	TRUE	TRUE	TRUE	FALSE	TRUE	TRUE	TRUE	TRUE	pos	pos	pos	pos	pos	150	TRUE	TRUE	seroconverted	202.72
KOSTIC_INFANTS_DIABETES_2015	G36248	E018113	case	687	Days	Female	10.1016/j.chom.2015.01.001	The Dynamics of the Human Infant Gut Microbiome in Development and in Progression towards Type 1 Diabetes	vaginal	FALSE	FALSE	3	TRUE	TRUE	TRUE	TRUE	TRUE	no_abx	Cefaclor	no_illness	16.14	9.73	0.2	0.15	23	TRUE	TRUE	FALSE	FALSE	TRUE	A2RDP	76658	1	48.3687706	2	CO-6595439	CO-6595439	FALSE	Finland	Jorvi	FALSE	FALSE	TRUE	TRUE	TRUE	TRUE	TRUE	TRUE	TRUE	TRUE	TRUE	TRUE	TRUE	TRUE	TRUE	FALSE	TRUE	TRUE	TRUE	TRUE	pos	pos	neg	neg	pos	150	TRUE	TRUE	seroconverted	49.22
KOSTIC_INFANTS_DIABETES_2015	G36249	E018113	case	747	Days	Female	10.1016/j.chom.2015.01.001	The Dynamics of the Human Infant Gut Microbiome in Development and in Progression towards Type 1 Diabetes	vaginal	FALSE	FALSE	3	TRUE	TRUE	TRUE	TRUE	TRUE	no_abx	Amoxicillin	no_illness	16.14	9.73	0.2	0.15	23	TRUE	TRUE	FALSE	FALSE	TRUE	A2RDP	59264	1	21.4753418	2	CO-6595439	CO-6595439	FALSE	Finland	Jorvi	FALSE	FALSE	TRUE	TRUE	TRUE	TRUE	TRUE	TRUE	TRUE	TRUE	TRUE	TRUE	TRUE	TRUE	TRUE	FALSE	TRUE	TRUE	TRUE	TRUE	pos	pos	neg	neg	pos	150	TRUE	TRUE	seroconverted	49.22
KOSTIC_INFANTS_DIABETES_2015	G36251	E018113	case	804	Days	Female	10.1016/j.chom.2015.01.001	The Dynamics of the Human Infant Gut Microbiome in Development and in Progression towards Type 1 Diabetes	vaginal	FALSE	FALSE	3	TRUE	TRUE	TRUE	TRUE	TRUE	no_abx	Amoxicillin	no_illness	11.98	103.29	17.41	6.04	64	TRUE	TRUE	TRUE	TRUE	TRUE	A2RDP	66823	1	72.85266876	2	CO-6595439	CO-6595439	FALSE	Finland	Jorvi	FALSE	FALSE	TRUE	TRUE	TRUE	TRUE	TRUE	TRUE	TRUE	TRUE	TRUE	TRUE	TRUE	TRUE	TRUE	FALSE	TRUE	TRUE	TRUE	TRUE	pos	pos	pos	pos	pos	150	TRUE	TRUE	seroconverted	202.72
KOSTIC_INFANTS_DIABETES_2015	G36260	E018113	case	337	Days	Female	10.1016/j.chom.2015.01.001	The Dynamics of the Human Infant Gut Microbiome in Development and in Progression towards Type 1 Diabetes	vaginal	FALSE	FALSE	3	TRUE	FALSE	FALSE	TRUE	TRUE	no_abx	Trimetoprime and sulfadiazine	no_illness	0.49	0	0.05	0.14	0	FALSE	FALSE	FALSE	FALSE	FALSE	A2RDP	41112	1	4.874362469	1	CO-6595439	CO-6595439	FALSE	Finland	Jorvi	FALSE	FALSE	TRUE	TRUE	TRUE	TRUE	TRUE	TRUE	TRUE	TRUE	TRUE	TRUE	TRUE	TRUE	TRUE	FALSE	TRUE	TRUE	TRUE	TRUE	neg	zero	neg	neg	zero	150	TRUE	TRUE	seroconverted	0.68
KOSTIC_INFANTS_DIABETES_2015	G36263	E018113	case	434	Days	Female	10.1016/j.chom.2015.01.001	The Dynamics of the Human Infant Gut Microbiome in Development and in Progression towards Type 1 Diabetes	vaginal	FALSE	FALSE	3	TRUE	TRUE	FALSE	TRUE	TRUE	no_abx	Trimetoprime and sulfadiazine	no_illness	2.3	1.32	0.1	0.15	0	FALSE	FALSE	FALSE	FALSE	FALSE	A2RDP	48439	1	11.25704956	1	CO-6595439	CO-6595439	FALSE	Finland	Jorvi	FALSE	FALSE	TRUE	TRUE	TRUE	TRUE	TRUE	TRUE	TRUE	TRUE	TRUE	TRUE	TRUE	TRUE	TRUE	FALSE	TRUE	TRUE	TRUE	TRUE	neg	neg	neg	neg	zero	150	TRUE	TRUE	seroconverted	3.87
KOSTIC_INFANTS_DIABETES_2015	G36266	E018113	case	527	Days	Female	10.1016/j.chom.2015.01.001	The Dynamics of the Human Infant Gut Microbiome in Development and in Progression towards Type 1 Diabetes	vaginal	FALSE	FALSE	3	TRUE	TRUE	FALSE	TRUE	TRUE	no_abx	Trimetoprime and sulfadiazine	no_illness	2.3	1.32	0.1	0.15	0	FALSE	FALSE	FALSE	FALSE	FALSE	A2RDP	100583	2	12.3214922	1	CO-6595439	CO-6595439	FALSE	Finland	Jorvi	FALSE	FALSE	TRUE	TRUE	TRUE	TRUE	TRUE	TRUE	TRUE	TRUE	TRUE	TRUE	TRUE	TRUE	TRUE	FALSE	TRUE	TRUE	TRUE	TRUE	neg	neg	neg	neg	zero	150	TRUE	TRUE	seroconverted	3.87
KOSTIC_INFANTS_DIABETES_2015	G36267	E018113	case	558	Days	Female	10.1016/j.chom.2015.01.001	The Dynamics of the Human Infant Gut Microbiome in Development and in Progression towards Type 1 Diabetes	vaginal	FALSE	FALSE	3	TRUE	TRUE	FALSE	TRUE	TRUE	no_abx	Azithromycin	no_illness	2.3	1.32	0.1	0.15	0	FALSE	FALSE	FALSE	FALSE	FALSE	A2RDP	77440	1	9.017858505	1	CO-6595439	CO-6595439	FALSE	Finland	Jorvi	FALSE	FALSE	TRUE	TRUE	TRUE	TRUE	TRUE	TRUE	TRUE	TRUE	TRUE	TRUE	TRUE	TRUE	TRUE	FALSE	TRUE	TRUE	TRUE	TRUE	neg	neg	neg	neg	zero	150	TRUE	TRUE	seroconverted	3.87
KOSTIC_INFANTS_DIABETES_2015	G36268	E018113	case	584	Days	Female	10.1016/j.chom.2015.01.001	The Dynamics of the Human Infant Gut Microbiome in Development and in Progression towards Type 1 Diabetes	vaginal	FALSE	FALSE	3	TRUE	TRUE	TRUE	TRUE	TRUE	no_abx	Cefaclor	no_illness	16.14	9.73	0.2	0.15	23	TRUE	TRUE	FALSE	FALSE	TRUE	A2RDP	41544	1	9.426724434	1	CO-6595439	CO-6595439	FALSE	Finland	Jorvi	FALSE	FALSE	TRUE	TRUE	TRUE	TRUE	TRUE	TRUE	TRUE	TRUE	TRUE	TRUE	TRUE	TRUE	TRUE	FALSE	TRUE	TRUE	TRUE	TRUE	pos	pos	neg	neg	pos	150	TRUE	TRUE	seroconverted	49.22
KOSTIC_INFANTS_DIABETES_2015	G36294	E006574	case	237	Days	Male	10.1016/j.chom.2015.01.001	The Dynamics of the Human Infant Gut Microbiome in Development and in Progression towards Type 1 Diabetes	vaginal	TRUE	FALSE	3	TRUE	FALSE	FALSE	TRUE	FALSE	no_abx	no_abx	no_illness	0.422	0	0.075	0.03	0	FALSE	FALSE	FALSE	FALSE	FALSE	A2RDP	49626	1	6.162345886	1	CO-6595439	CO-6595439	FALSE	Finland	Jorvi	FALSE	TRUE	TRUE	TRUE	FALSE	FALSE	TRUE	TRUE	TRUE	TRUE	FALSE	TRUE	TRUE	FALSE	FALSE	FALSE	FALSE	TRUE	FALSE	TRUE	neg	zero	neg	neg	zero	177	TRUE	TRUE	T1D	0.527
KOSTIC_INFANTS_DIABETES_2015	G36296	E006574	case	616	Days	Male	10.1016/j.chom.2015.01.001	The Dynamics of the Human Infant Gut Microbiome in Development and in Progression towards Type 1 Diabetes	vaginal	TRUE	FALSE	3	TRUE	TRUE	TRUE	TRUE	TRUE	no_abx	Amoxicillin	no_illness	8.93	0.71	0.08	0.14	6	TRUE	FALSE	FALSE	FALSE	TRUE	A2RDP	28906	0	7.870550632	1	CO-6595439	CO-6595439	FALSE	Finland	Jorvi	FALSE	FALSE	TRUE	TRUE	TRUE	TRUE	TRUE	TRUE	TRUE	TRUE	FALSE	TRUE	TRUE	TRUE	TRUE	FALSE	TRUE	TRUE	TRUE	TRUE	pos	neg	neg	neg	pos	177	TRUE	TRUE	T1D	15.86
KOSTIC_INFANTS_DIABETES_2015	G36297	E006574	case	520	Days	Male	10.1016/j.chom.2015.01.001	The Dynamics of the Human Infant Gut Microbiome in Development and in Progression towards Type 1 Diabetes	vaginal	TRUE	FALSE	3	TRUE	TRUE	FALSE	TRUE	TRUE	no_abx	Amoxicillin	no_illness	0.701	0.073	0.097	0.05	0	FALSE	FALSE	FALSE	FALSE	FALSE	A2RDP	30182	1	9.279737473	1	CO-6595439	CO-6595439	FALSE	Finland	Jorvi	FALSE	FALSE	TRUE	TRUE	TRUE	TRUE	TRUE	TRUE	TRUE	TRUE	FALSE	TRUE	TRUE	TRUE	TRUE	FALSE	TRUE	TRUE	TRUE	TRUE	neg	neg	neg	neg	zero	177	TRUE	TRUE	T1D	0.921
KOSTIC_INFANTS_DIABETES_2015	G36299	E006574	case	918	Days	Male	10.1016/j.chom.2015.01.001	The Dynamics of the Human Infant Gut Microbiome in Development and in Progression towards Type 1 Diabetes	vaginal	TRUE	FALSE	3	TRUE	TRUE	TRUE	TRUE	TRUE	no_abx	Azithromycin	no_illness	8.93	0.71	0.08	0.14	6	TRUE	FALSE	FALSE	FALSE	TRUE	A2RDP	60627	1	35.4598732	2	CO-6595439	CO-6595439	FALSE	Finland	Jorvi	FALSE	FALSE	TRUE	TRUE	TRUE	TRUE	TRUE	TRUE	TRUE	TRUE	FALSE	TRUE	TRUE	TRUE	TRUE	FALSE	TRUE	TRUE	TRUE	TRUE	pos	neg	neg	neg	pos	177	TRUE	TRUE	T1D	15.86
KOSTIC_INFANTS_DIABETES_2015	G36302	E010629	case	164	Days	Male	10.1016/j.chom.2015.01.001	The Dynamics of the Human Infant Gut Microbiome in Development and in Progression towards Type 1 Diabetes	vaginal	FALSE	FALSE	3	TRUE	FALSE	FALSE	TRUE	FALSE	no_abx	no_abx	no_illness	0	0	0.073	0.046	0	FALSE	FALSE	FALSE	FALSE	FALSE	A2RDP	20348	0	6.548281193	1	CO-6595439	CO-6595439	FALSE	Finland	Jorvi	FALSE	FALSE	TRUE	TRUE	TRUE	TRUE	FALSE	TRUE	FALSE	FALSE	FALSE	TRUE	TRUE	TRUE	FALSE	FALSE	TRUE	TRUE	TRUE	TRUE	zero	zero	neg	neg	zero	110	TRUE	FALSE	seroconverted	0.119
KOSTIC_INFANTS_DIABETES_2015	G36304	E006574	case	1049	Days	Male	10.1016/j.chom.2015.01.001	The Dynamics of the Human Infant Gut Microbiome in Development and in Progression towards Type 1 Diabetes	vaginal	TRUE	FALSE	3	TRUE	TRUE	TRUE	TRUE	TRUE	no_abx	Azithromycin	no_illness	30.08	195.49	1013.95	13.67	1024	TRUE	TRUE	TRUE	TRUE	TRUE	A2RDP	97380	1	27.84149742	2	CO-6595439	CO-6595439	FALSE	Finland	Jorvi	FALSE	FALSE	TRUE	TRUE	TRUE	TRUE	TRUE	TRUE	TRUE	TRUE	FALSE	TRUE	TRUE	TRUE	TRUE	FALSE	TRUE	TRUE	TRUE	TRUE	pos	pos	pos	pos	pos	177	TRUE	TRUE	T1D	2277.19
KOSTIC_INFANTS_DIABETES_2015	G36305	E006574	case	366	Days	Male	10.1016/j.chom.2015.01.001	The Dynamics of the Human Infant Gut Microbiome in Development and in Progression towards Type 1 Diabetes	vaginal	TRUE	FALSE	3	TRUE	TRUE	FALSE	TRUE	TRUE	no_abx	Azithromycin	no_illness	0.701	0.073	0.097	0.05	0	FALSE	FALSE	FALSE	FALSE	FALSE	A2RDP	37795	1	8.953804016	1	CO-6595439	CO-6595439	FALSE	Finland	Jorvi	FALSE	TRUE	TRUE	TRUE	TRUE	TRUE	TRUE	TRUE	TRUE	TRUE	FALSE	TRUE	TRUE	TRUE	TRUE	FALSE	TRUE	TRUE	TRUE	TRUE	neg	neg	neg	neg	zero	177	TRUE	TRUE	T1D	0.921
KOSTIC_INFANTS_DIABETES_2015	G36309	E006574	case	562	Days	Male	10.1016/j.chom.2015.01.001	The Dynamics of the Human Infant Gut Microbiome in Development and in Progression towards Type 1 Diabetes	vaginal	TRUE	FALSE	3	TRUE	TRUE	TRUE	TRUE	TRUE	no_abx	Amoxicillin	no_illness	8.93	0.71	0.08	0.14	6	TRUE	FALSE	FALSE	FALSE	TRUE	A2RDP	24234	0	41.53508759	2	CO-6595439	CO-6595439	FALSE	Finland	Jorvi	FALSE	FALSE	TRUE	TRUE	TRUE	TRUE	TRUE	TRUE	TRUE	TRUE	FALSE	TRUE	TRUE	TRUE	TRUE	FALSE	TRUE	TRUE	TRUE	TRUE	pos	neg	neg	neg	pos	177	TRUE	TRUE	T1D	15.86
KOSTIC_INFANTS_DIABETES_2015	G36310	E006574	case	430	Days	Male	10.1016/j.chom.2015.01.001	The Dynamics of the Human Infant Gut Microbiome in Development and in Progression towards Type 1 Diabetes	vaginal	TRUE	FALSE	3	TRUE	TRUE	FALSE	TRUE	TRUE	no_abx	Azithromycin	no_illness	0.701	0.073	0.097	0.05	0	FALSE	FALSE	FALSE	FALSE	FALSE	A2RDP	38567	1	10.18546104	1	CO-6595439	CO-6595439	FALSE	Finland	Jorvi	FALSE	FALSE	TRUE	TRUE	TRUE	TRUE	TRUE	TRUE	TRUE	TRUE	FALSE	TRUE	TRUE	TRUE	TRUE	FALSE	TRUE	TRUE	TRUE	TRUE	neg	neg	neg	neg	zero	177	TRUE	TRUE	T1D	0.921
KOSTIC_INFANTS_DIABETES_2015	G36312	E006574	case	844	Days	Male	10.1016/j.chom.2015.01.001	The Dynamics of the Human Infant Gut Microbiome in Development and in Progression towards Type 1 Diabetes	vaginal	TRUE	FALSE	3	TRUE	TRUE	TRUE	TRUE	TRUE	no_abx	Azithromycin	no_illness	8.93	0.71	0.08	0.14	6	TRUE	FALSE	FALSE	FALSE	TRUE	A2RDP	32373	1	13.20820045	1	CO-6595439	CO-6595439	FALSE	Finland	Jorvi	FALSE	FALSE	TRUE	TRUE	TRUE	TRUE	TRUE	TRUE	TRUE	TRUE	FALSE	TRUE	TRUE	TRUE	TRUE	FALSE	TRUE	TRUE	TRUE	TRUE	pos	neg	neg	neg	pos	177	TRUE	TRUE	T1D	15.86
KOSTIC_INFANTS_DIABETES_2015	G36438	E010590	control	1045	Days	Male	10.1016/j.chom.2015.01.001	The Dynamics of the Human Infant Gut Microbiome in Development and in Progression towards Type 1 Diabetes	vaginal	FALSE	FALSE	3	FALSE	FALSE	FALSE	TRUE	TRUE	no_abx	Amoxicillin	no_illness	0.41	0.02	0.08	0.1	0	FALSE	FALSE	FALSE	FALSE	FALSE	A3L91	50693	1	9.263421059	1	CO-6610452	CO-6556462	FALSE	Finland	Jorvi	FALSE	FALSE	TRUE	TRUE	TRUE	TRUE	TRUE	TRUE	TRUE	TRUE	TRUE	TRUE	TRUE	TRUE	TRUE	TRUE	TRUE	TRUE	TRUE	TRUE	neg	neg	neg	neg	zero	131	TRUE	TRUE	control	0.61
KOSTIC_INFANTS_DIABETES_2015	G36440	E010590	control	919	Days	Male	10.1016/j.chom.2015.01.001	The Dynamics of the Human Infant Gut Microbiome in Development and in Progression towards Type 1 Diabetes	vaginal	FALSE	FALSE	3	FALSE	FALSE	FALSE	TRUE	TRUE	no_abx	Amoxicillin	no_illness	0.41	0.02	0.08	0.1	0	FALSE	FALSE	FALSE	FALSE	FALSE	A3L91	53229	1	17.93720436	1	CO-6610452	CO-6556462	FALSE	Finland	Jorvi	FALSE	FALSE	TRUE	TRUE	TRUE	TRUE	TRUE	TRUE	TRUE	TRUE	TRUE	TRUE	TRUE	TRUE	TRUE	TRUE	TRUE	TRUE	TRUE	TRUE	neg	neg	neg	neg	zero	131	TRUE	TRUE	control	0.61
KOSTIC_INFANTS_DIABETES_2015	G36443	T025418	case	399	Days	Female	10.1016/j.chom.2015.01.001	The Dynamics of the Human Infant Gut Microbiome in Development and in Progression towards Type 1 Diabetes	vaginal	TRUE	FALSE	3	TRUE	TRUE	FALSE	TRUE	FALSE	no_abx	no_abx	no_illness	0.98	3.95	0.09	0.11	0	FALSE	FALSE	FALSE	FALSE	FALSE	A3L91	25630	0	4.321252823	1	CO-6610452	CO-6556462	FALSE	Estonia	Tarto	FALSE	TRUE	TRUE	TRUE	TRUE	TRUE	TRUE	TRUE	TRUE	TRUE	FALSE	TRUE	TRUE	TRUE	TRUE	FALSE	TRUE	TRUE	TRUE	TRUE	neg	neg	neg	neg	zero	0	FALSE	TRUE	T1D	5.13
KOSTIC_INFANTS_DIABETES_2015	G36444	T025418	case	264	Days	Female	10.1016/j.chom.2015.01.001	The Dynamics of the Human Infant Gut Microbiome in Development and in Progression towards Type 1 Diabetes	vaginal	TRUE	FALSE	3	TRUE	FALSE	FALSE	TRUE	FALSE	no_abx	no_abx	no_illness	0.07	0	0.1	0.081	0	FALSE	FALSE	FALSE	FALSE	FALSE	A3L91	25148	0	9.735329628	1	CO-6610452	CO-6556462	FALSE	Estonia	Tarto	FALSE	TRUE	TRUE	TRUE	TRUE	TRUE	TRUE	TRUE	TRUE	TRUE	FALSE	TRUE	TRUE	TRUE	FALSE	FALSE	FALSE	TRUE	FALSE	TRUE	neg	zero	neg	neg	zero	0	FALSE	TRUE	T1D	0.251
KOSTIC_INFANTS_DIABETES_2015	G36445	T025418	case	1025	Days	Female	10.1016/j.chom.2015.01.001	The Dynamics of the Human Infant Gut Microbiome in Development and in Progression towards Type 1 Diabetes	vaginal	TRUE	TRUE	3	TRUE	TRUE	TRUE	TRUE	TRUE	no_abx	Penicillin V	no_illness	8.59	189.7	0.39	0.13	512	TRUE	TRUE	FALSE	FALSE	TRUE	A3L91	38733	1	9.429825783	1	CO-6610452	CO-6556462	FALSE	Estonia	Tarto	FALSE	FALSE	TRUE	TRUE	TRUE	TRUE	TRUE	TRUE	TRUE	TRUE	FALSE	TRUE	TRUE	TRUE	TRUE	FALSE	TRUE	TRUE	TRUE	TRUE	pos	pos	neg	neg	pos	0	FALSE	TRUE	T1D	710.81
KOSTIC_INFANTS_DIABETES_2015	G36446	T025418	case	527	Days	Female	10.1016/j.chom.2015.01.001	The Dynamics of the Human Infant Gut Microbiome in Development and in Progression towards Type 1 Diabetes	vaginal	TRUE	FALSE	3	TRUE	TRUE	TRUE	TRUE	FALSE	no_abx	no_abx	no_illness	0.54	131.68	0.19	0.17	0	FALSE	TRUE	FALSE	FALSE	FALSE	A3L91	41159	1	5.445137024	1	CO-6610452	CO-6556462	FALSE	Estonia	Tarto	FALSE	FALSE	TRUE	TRUE	TRUE	TRUE	TRUE	TRUE	TRUE	TRUE	FALSE	TRUE	TRUE	TRUE	TRUE	FALSE	TRUE	TRUE	TRUE	TRUE	neg	pos	neg	neg	zero	0	FALSE	TRUE	T1D	132.58
KOSTIC_INFANTS_DIABETES_2015	G36448	T025418	case	629	Days	Female	10.1016/j.chom.2015.01.001	The Dynamics of the Human Infant Gut Microbiome in Development and in Progression towards Type 1 Diabetes	vaginal	TRUE	FALSE	3	TRUE	TRUE	TRUE	TRUE	FALSE	no_abx	no_abx	no_illness	0.54	131.68	0.19	0.17	0	FALSE	TRUE	FALSE	FALSE	FALSE	A3L91	96858	1	20.69583893	2	CO-6610452	CO-6556462	FALSE	Estonia	Tarto	FALSE	FALSE	TRUE	TRUE	TRUE	TRUE	TRUE	TRUE	TRUE	TRUE	FALSE	TRUE	TRUE	TRUE	TRUE	FALSE	TRUE	TRUE	TRUE	TRUE	neg	pos	neg	neg	zero	0	FALSE	TRUE	T1D	132.58
KOSTIC_INFANTS_DIABETES_2015	G36451	E001463	control	303	Days	Male	10.1016/j.chom.2015.01.001	The Dynamics of the Human Infant Gut Microbiome in Development and in Progression towards Type 1 Diabetes	vaginal	FALSE	FALSE	3	FALSE	FALSE	FALSE	TRUE	FALSE	no_abx	no_abx	no_illness	0.627	0	0.001	0.072	0	FALSE	FALSE	FALSE	FALSE	FALSE	A3L91	57296	1	66.21192932	2	CO-6610452	CO-6556462	FALSE	Finland	Jorvi	FALSE	TRUE	TRUE	TRUE	TRUE	TRUE	TRUE	TRUE	TRUE	TRUE	TRUE	TRUE	TRUE	TRUE	FALSE	FALSE	TRUE	TRUE	TRUE	TRUE	neg	zero	neg	neg	zero	123	TRUE	TRUE	control	0.7
KOSTIC_INFANTS_DIABETES_2015	G36459	E010590	control	227	Days	Male	10.1016/j.chom.2015.01.001	The Dynamics of the Human Infant Gut Microbiome in Development and in Progression towards Type 1 Diabetes	vaginal	FALSE	FALSE	3	FALSE	FALSE	FALSE	TRUE	FALSE	no_abx	no_abx	no_illness	0.163	0	0.081	0.044	0	FALSE	FALSE	FALSE	FALSE	FALSE	A3L91	6770	0	31.86118698	2	CO-6610452	CO-6556462	FALSE	Finland	Jorvi	FALSE	TRUE	TRUE	TRUE	TRUE	TRUE	TRUE	TRUE	TRUE	TRUE	FALSE	TRUE	TRUE	TRUE	TRUE	FALSE	FALSE	TRUE	FALSE	TRUE	neg	zero	neg	neg	zero	131	TRUE	TRUE	control	0.288
KOSTIC_INFANTS_DIABETES_2015	G36461	E010590	control	709	Days	Male	10.1016/j.chom.2015.01.001	The Dynamics of the Human Infant Gut Microbiome in Development and in Progression towards Type 1 Diabetes	vaginal	FALSE	FALSE	3	FALSE	FALSE	FALSE	TRUE	TRUE	no_abx	Amoxicillin	no_illness	0	0	0.12	0.05	0	FALSE	FALSE	FALSE	FALSE	FALSE	A3L91	47823	1	39.05141449	2	CO-6610452	CO-6556462	FALSE	Finland	Jorvi	FALSE	FALSE	TRUE	TRUE	TRUE	TRUE	TRUE	TRUE	TRUE	TRUE	TRUE	TRUE	TRUE	TRUE	TRUE	TRUE	TRUE	TRUE	TRUE	TRUE	zero	zero	neg	neg	zero	131	TRUE	TRUE	control	0.17
KOSTIC_INFANTS_DIABETES_2015	G36462	E010590	control	576	Days	Male	10.1016/j.chom.2015.01.001	The Dynamics of the Human Infant Gut Microbiome in Development and in Progression towards Type 1 Diabetes	vaginal	FALSE	FALSE	3	FALSE	FALSE	FALSE	TRUE	TRUE	Amoxicillin	Amoxicillin	otitis media	0	0	0.12	0.05	0	FALSE	FALSE	FALSE	FALSE	FALSE	A3L91	74274	1	32.16959	2	CO-6610452	CO-6556462	FALSE	Finland	Jorvi	FALSE	FALSE	TRUE	TRUE	TRUE	TRUE	TRUE	TRUE	TRUE	TRUE	TRUE	TRUE	TRUE	TRUE	TRUE	TRUE	TRUE	TRUE	TRUE	TRUE	zero	zero	neg	neg	zero	131	TRUE	TRUE	control	0.17
KOSTIC_INFANTS_DIABETES_2015	G36464	E010590	control	322	Days	Male	10.1016/j.chom.2015.01.001	The Dynamics of the Human Infant Gut Microbiome in Development and in Progression towards Type 1 Diabetes	vaginal	FALSE	FALSE	3	FALSE	FALSE	FALSE	TRUE	FALSE	no_abx	no_abx	no_illness	0.163	0	0.081	0.044	0	FALSE	FALSE	FALSE	FALSE	FALSE	A3L91	43345	1	29.17752838	2	CO-6610452	CO-6556462	FALSE	Finland	Jorvi	FALSE	TRUE	TRUE	TRUE	TRUE	TRUE	TRUE	TRUE	TRUE	TRUE	TRUE	TRUE	TRUE	TRUE	TRUE	TRUE	TRUE	TRUE	TRUE	TRUE	neg	zero	neg	neg	zero	131	TRUE	TRUE	control	0.288
KOSTIC_INFANTS_DIABETES_2015	G36472	E010590	control	804	Days	Male	10.1016/j.chom.2015.01.001	The Dynamics of the Human Infant Gut Microbiome in Development and in Progression towards Type 1 Diabetes	vaginal	FALSE	FALSE	3	FALSE	FALSE	FALSE	TRUE	TRUE	no_abx	Amoxicillin	no_illness	0.41	0.02	0.08	0.1	0	FALSE	FALSE	FALSE	FALSE	FALSE	A3L91	73476	1	62.64514923	2	CO-6610452	CO-6556462	FALSE	Finland	Jorvi	FALSE	FALSE	TRUE	TRUE	TRUE	TRUE	TRUE	TRUE	TRUE	TRUE	TRUE	TRUE	TRUE	TRUE	TRUE	TRUE	TRUE	TRUE	TRUE	TRUE	neg	neg	neg	neg	zero	131	TRUE	TRUE	control	0.61
KOSTIC_INFANTS_DIABETES_2015	G36473	E010590	control	626	Days	Male	10.1016/j.chom.2015.01.001	The Dynamics of the Human Infant Gut Microbiome in Development and in Progression towards Type 1 Diabetes	vaginal	FALSE	FALSE	3	FALSE	FALSE	FALSE	TRUE	TRUE	no_abx	Azithromycin	no_illness	0	0	0.12	0.05	0	FALSE	FALSE	FALSE	FALSE	FALSE	A3L91	77843	1	57.03216553	2	CO-6610452	CO-6556462	FALSE	Finland	Jorvi	FALSE	FALSE	TRUE	TRUE	TRUE	TRUE	TRUE	TRUE	TRUE	TRUE	TRUE	TRUE	TRUE	TRUE	TRUE	TRUE	TRUE	TRUE	TRUE	TRUE	zero	zero	neg	neg	zero	131	TRUE	TRUE	control	0.17
KOSTIC_INFANTS_DIABETES_2015	G36474	E010590	control	525	Days	Male	10.1016/j.chom.2015.01.001	The Dynamics of the Human Infant Gut Microbiome in Development and in Progression towards Type 1 Diabetes	vaginal	FALSE	FALSE	3	FALSE	FALSE	FALSE	TRUE	TRUE	no_abx	Cefalexin	no_illness	0	0	0.12	0.03	0	FALSE	FALSE	FALSE	FALSE	FALSE	A3L91	132512	2	76.46139526	2	CO-6610452	CO-6556462	FALSE	Finland	Jorvi	FALSE	FALSE	TRUE	TRUE	TRUE	TRUE	TRUE	TRUE	TRUE	TRUE	TRUE	TRUE	TRUE	TRUE	TRUE	TRUE	TRUE	TRUE	TRUE	TRUE	zero	zero	neg	neg	zero	131	TRUE	TRUE	control	0.15
KOSTIC_INFANTS_DIABETES_2015	G36479	E006574	case	788	Days	Male	10.1016/j.chom.2015.01.001	The Dynamics of the Human Infant Gut Microbiome in Development and in Progression towards Type 1 Diabetes	vaginal	TRUE	FALSE	3	TRUE	TRUE	TRUE	TRUE	TRUE	no_abx	Azithromycin	no_illness	8.93	0.71	0.08	0.14	6	TRUE	FALSE	FALSE	FALSE	TRUE	A3L91	53131	1	12.01099873	1	CO-6595439	CO-6556462	FALSE	Finland	Jorvi	FALSE	FALSE	TRUE	TRUE	TRUE	TRUE	TRUE	TRUE	TRUE	TRUE	FALSE	TRUE	TRUE	TRUE	TRUE	FALSE	TRUE	TRUE	TRUE	TRUE	pos	neg	neg	neg	pos	177	TRUE	TRUE	T1D	15.86
KOSTIC_INFANTS_DIABETES_2015	G36480	E006574	case	683	Days	Male	10.1016/j.chom.2015.01.001	The Dynamics of the Human Infant Gut Microbiome in Development and in Progression towards Type 1 Diabetes	vaginal	TRUE	FALSE	3	TRUE	TRUE	TRUE	TRUE	TRUE	no_abx	Amoxicillin	no_illness	8.93	0.71	0.08	0.14	6	TRUE	FALSE	FALSE	FALSE	TRUE	A3L91	25922	0	7.588328838	1	CO-6595439	CO-6556462	FALSE	Finland	Jorvi	FALSE	FALSE	TRUE	TRUE	TRUE	TRUE	TRUE	TRUE	TRUE	TRUE	FALSE	TRUE	TRUE	TRUE	TRUE	FALSE	TRUE	TRUE	TRUE	TRUE	pos	neg	neg	neg	pos	177	TRUE	TRUE	T1D	15.86
KOSTIC_INFANTS_DIABETES_2015	G36524	E006547	control	1040	Days	Male	10.1016/j.chom.2015.01.001	The Dynamics of the Human Infant Gut Microbiome in Development and in Progression towards Type 1 Diabetes	vaginal	FALSE	FALSE	3	FALSE	FALSE	FALSE	TRUE	TRUE	no_abx	Amoxicillin	no_illness	0	0.47	0.07	0.19	0	FALSE	FALSE	FALSE	FALSE	FALSE	A3L91	304608	2	13.17752266	1	CO-6599077	CO-6599077	FALSE	Finland	Jorvi	FALSE	FALSE	TRUE	TRUE	TRUE	TRUE	TRUE	TRUE	TRUE	TRUE	FALSE	TRUE	TRUE	TRUE	TRUE	FALSE	TRUE	TRUE	TRUE	TRUE	zero	neg	neg	neg	zero	117	TRUE	TRUE	control	0.73
KOSTIC_INFANTS_DIABETES_2015	G36525	E006547	control	785	Days	Male	10.1016/j.chom.2015.01.001	The Dynamics of the Human Infant Gut Microbiome in Development and in Progression towards Type 1 Diabetes	vaginal	FALSE	FALSE	3	FALSE	FALSE	FALSE	TRUE	TRUE	no_abx	Amoxicillin	no_illness	0	0.47	0.07	0.19	0	FALSE	FALSE	FALSE	FALSE	FALSE	A3L91	64135	1	18.26745224	1	CO-6599077	CO-6599077	FALSE	Finland	Jorvi	FALSE	FALSE	TRUE	TRUE	TRUE	TRUE	TRUE	TRUE	TRUE	TRUE	FALSE	TRUE	TRUE	TRUE	TRUE	FALSE	TRUE	TRUE	TRUE	TRUE	zero	neg	neg	neg	zero	117	TRUE	TRUE	control	0.73
KOSTIC_INFANTS_DIABETES_2015	G36534	E006547	control	465	Days	Male	10.1016/j.chom.2015.01.001	The Dynamics of the Human Infant Gut Microbiome in Development and in Progression towards Type 1 Diabetes	vaginal	FALSE	FALSE	3	FALSE	FALSE	FALSE	TRUE	TRUE	no_abx	Amoxicillin	no_illness	0.731	0.169	0.085	0.089	0	FALSE	FALSE	FALSE	FALSE	FALSE	A3L91	101875	2	19.21497917	1	CO-6599077	CO-6599077	FALSE	Finland	Jorvi	FALSE	FALSE	TRUE	TRUE	TRUE	TRUE	TRUE	TRUE	TRUE	TRUE	FALSE	TRUE	TRUE	TRUE	TRUE	FALSE	TRUE	TRUE	TRUE	TRUE	neg	neg	neg	neg	zero	117	TRUE	TRUE	control	1.074
KOSTIC_INFANTS_DIABETES_2015	G36536	E006547	control	600	Days	Male	10.1016/j.chom.2015.01.001	The Dynamics of the Human Infant Gut Microbiome in Development and in Progression towards Type 1 Diabetes	vaginal	FALSE	FALSE	3	FALSE	FALSE	FALSE	TRUE	TRUE	no_abx	Amoxicillin	no_illness	0	4.2	0.23	0.08	0	FALSE	FALSE	FALSE	FALSE	FALSE	A3L91	216876	2	14.5496254	1	CO-6599077	CO-6599077	FALSE	Finland	Jorvi	FALSE	FALSE	TRUE	TRUE	TRUE	TRUE	TRUE	TRUE	TRUE	TRUE	FALSE	TRUE	TRUE	TRUE	TRUE	FALSE	TRUE	TRUE	TRUE	TRUE	zero	neg	neg	neg	zero	117	TRUE	TRUE	control	4.51
KOSTIC_INFANTS_DIABETES_2015	G36540	E006547	control	369	Days	Male	10.1016/j.chom.2015.01.001	The Dynamics of the Human Infant Gut Microbiome in Development and in Progression towards Type 1 Diabetes	vaginal	FALSE	FALSE	3	FALSE	FALSE	FALSE	TRUE	FALSE	no_abx	no_abx	no_illness	0.059	0	0.097	0.05	0	FALSE	FALSE	FALSE	FALSE	FALSE	A3L91	34205	1	4.634126186	1	CO-6599077	CO-6599077	FALSE	Finland	Jorvi	FALSE	FALSE	TRUE	TRUE	TRUE	TRUE	TRUE	TRUE	TRUE	TRUE	FALSE	TRUE	TRUE	TRUE	TRUE	FALSE	TRUE	TRUE	TRUE	TRUE	neg	zero	neg	neg	zero	117	TRUE	TRUE	control	0.206
KOSTIC_INFANTS_DIABETES_2015	G36543	E003989	case	208	Days	Male	10.1016/j.chom.2015.01.001	The Dynamics of the Human Infant Gut Microbiome in Development and in Progression towards Type 1 Diabetes	vaginal	FALSE	FALSE	3	TRUE	TRUE	FALSE	TRUE	FALSE	no_abx	no_abx	no_illness	0	0	0.152	0.062	0	FALSE	FALSE	FALSE	FALSE	FALSE	A3L91	6327	0	5.413952827	1	CO-6599077	CO-6599077	FALSE	Finland	Jorvi	FALSE	TRUE	TRUE	TRUE	TRUE	TRUE	TRUE	TRUE	TRUE	TRUE	FALSE	TRUE	TRUE	TRUE	TRUE	FALSE	TRUE	TRUE	TRUE	TRUE	zero	zero	neg	neg	zero	0	FALSE	FALSE	seroconverted	0.214
KOSTIC_INFANTS_DIABETES_2015	G36546	E003251	case	474	Days	Female	10.1016/j.chom.2015.01.001	The Dynamics of the Human Infant Gut Microbiome in Development and in Progression towards Type 1 Diabetes	vaginal	TRUE	FALSE	3	TRUE	TRUE	TRUE	TRUE	FALSE	no_abx	no_abx	no_illness	14.083	21.754	0.076	0.296	0	TRUE	TRUE	FALSE	FALSE	FALSE	A3L91	94833	1	18.04670143	1	CO-6599077	CO-6599077	FALSE	Finland	Jorvi	FALSE	TRUE	TRUE	TRUE	TRUE	TRUE	TRUE	TRUE	TRUE	TRUE	FALSE	TRUE	TRUE	TRUE	TRUE	FALSE	TRUE	TRUE	TRUE	TRUE	pos	pos	neg	neg	zero	0	FALSE	TRUE	T1D	36.209
KOSTIC_INFANTS_DIABETES_2015	G36547	E003251	case	249	Days	Female	10.1016/j.chom.2015.01.001	The Dynamics of the Human Infant Gut Microbiome in Development and in Progression towards Type 1 Diabetes	vaginal	TRUE	FALSE	3	TRUE	TRUE	FALSE	TRUE	FALSE	no_abx	no_abx	no_illness	0.448	0	0.164	0.078	0	FALSE	FALSE	FALSE	FALSE	FALSE	A3L91	27401	0	5.595866203	1	CO-6599077	CO-6599077	FALSE	Finland	Jorvi	FALSE	TRUE	TRUE	TRUE	TRUE	TRUE	TRUE	TRUE	TRUE	TRUE	FALSE	TRUE	TRUE	TRUE	FALSE	FALSE	FALSE	TRUE	FALSE	TRUE	neg	zero	neg	neg	zero	0	FALSE	TRUE	T1D	0.69
KOSTIC_INFANTS_DIABETES_2015	G36548	E003989	case	303	Days	Male	10.1016/j.chom.2015.01.001	The Dynamics of the Human Infant Gut Microbiome in Development and in Progression towards Type 1 Diabetes	vaginal	FALSE	FALSE	3	TRUE	TRUE	FALSE	TRUE	TRUE	Cefalexin	Cefalexin	otitis media	0	0	0.152	0.062	0	FALSE	FALSE	FALSE	FALSE	FALSE	A3L91	37047	1	5.209465504	1	CO-6599077	CO-6599077	FALSE	Finland	Jorvi	FALSE	FALSE	TRUE	TRUE	TRUE	TRUE	TRUE	TRUE	TRUE	TRUE	FALSE	TRUE	TRUE	TRUE	TRUE	TRUE	TRUE	TRUE	TRUE	TRUE	zero	zero	neg	neg	zero	0	FALSE	FALSE	seroconverted	0.214
KOSTIC_INFANTS_DIABETES_2015	G36553	E003251	case	355	Days	Female	10.1016/j.chom.2015.01.001	The Dynamics of the Human Infant Gut Microbiome in Development and in Progression towards Type 1 Diabetes	vaginal	TRUE	FALSE	3	TRUE	TRUE	FALSE	TRUE	FALSE	no_abx	no_abx	no_illness	0.448	0	0.164	0.078	0	FALSE	FALSE	FALSE	FALSE	FALSE	A3L91	175557	2	22.38706589	2	CO-6599077	CO-6599077	FALSE	Finland	Jorvi	FALSE	TRUE	TRUE	TRUE	TRUE	TRUE	TRUE	TRUE	TRUE	TRUE	FALSE	TRUE	TRUE	TRUE	TRUE	FALSE	TRUE	TRUE	FALSE	TRUE	neg	zero	neg	neg	zero	0	FALSE	TRUE	T1D	0.69
KOSTIC_INFANTS_DIABETES_2015	G36554	E003251	case	208	Days	Female	10.1016/j.chom.2015.01.001	The Dynamics of the Human Infant Gut Microbiome in Development and in Progression towards Type 1 Diabetes	vaginal	TRUE	FALSE	3	TRUE	TRUE	FALSE	TRUE	FALSE	no_abx	no_abx	no_illness	0.448	0	0.164	0.078	0	FALSE	FALSE	FALSE	FALSE	FALSE	A3L91	34701	1	4.267730713	1	CO-6599077	CO-6599077	FALSE	Finland	Jorvi	FALSE	TRUE	TRUE	TRUE	TRUE	FALSE	FALSE	TRUE	FALSE	FALSE	FALSE	TRUE	TRUE	FALSE	FALSE	FALSE	FALSE	FALSE	FALSE	TRUE	neg	zero	neg	neg	zero	0	FALSE	TRUE	T1D	0.69
KOSTIC_INFANTS_DIABETES_2015	G36556	E016924	control	164	Days	Female	10.1016/j.chom.2015.01.001	The Dynamics of the Human Infant Gut Microbiome in Development and in Progression towards Type 1 Diabetes	vaginal	FALSE	FALSE	2	TRUE	FALSE	FALSE	FALSE	FALSE	no_abx	no_abx	no_illness	0.69	2.78	0.11	0.06	0	FALSE	FALSE	FALSE	FALSE	FALSE	A3L91	58459	1	12.68700409	1	CO-6599077	CO-6599077	FALSE	Finland	Jorvi	FALSE	FALSE	TRUE	FALSE	TRUE	FALSE	FALSE	FALSE	FALSE	FALSE	FALSE	TRUE	TRUE	TRUE	FALSE	FALSE	FALSE	FALSE	FALSE	TRUE	neg	neg	neg	neg	zero	0	FALSE	FALSE	control	3.64
KOSTIC_INFANTS_DIABETES_2015	G36858	E003989	case	1028	Days	Male	10.1016/j.chom.2015.01.001	The Dynamics of the Human Infant Gut Microbiome in Development and in Progression towards Type 1 Diabetes	vaginal	FALSE	FALSE	3	TRUE	TRUE	TRUE	TRUE	TRUE	no_abx	Amoxicillin	no_illness	7.28	22.16	0.11	0.15	0	TRUE	TRUE	FALSE	FALSE	FALSE	A3MD2	229444	2	52.06442261	2	CO-6599077	CO-3700195	FALSE	Finland	Jorvi	FALSE	FALSE	TRUE	TRUE	TRUE	TRUE	TRUE	TRUE	TRUE	TRUE	FALSE	TRUE	TRUE	TRUE	TRUE	TRUE	TRUE	TRUE	TRUE	TRUE	pos	pos	neg	neg	zero	0	FALSE	FALSE	seroconverted	29.7
KOSTIC_INFANTS_DIABETES_2015	G36863	E003989	case	750	Days	Male	10.1016/j.chom.2015.01.001	The Dynamics of the Human Infant Gut Microbiome in Development and in Progression towards Type 1 Diabetes	vaginal	FALSE	FALSE	3	TRUE	TRUE	TRUE	TRUE	TRUE	no_abx	Amoxicillin	no_illness	7.28	22.16	0.11	0.15	0	TRUE	TRUE	FALSE	FALSE	FALSE	A3MD2	169142	2	21.91771889	2	CO-6599077	CO-3700195	FALSE	Finland	Jorvi	FALSE	FALSE	TRUE	TRUE	TRUE	TRUE	TRUE	TRUE	TRUE	TRUE	FALSE	TRUE	TRUE	TRUE	TRUE	TRUE	TRUE	TRUE	TRUE	TRUE	pos	pos	neg	neg	zero	0	FALSE	FALSE	seroconverted	29.7
KOSTIC_INFANTS_DIABETES_2015	G36866	E003989	case	659	Days	Male	10.1016/j.chom.2015.01.001	The Dynamics of the Human Infant Gut Microbiome in Development and in Progression towards Type 1 Diabetes	vaginal	FALSE	FALSE	3	TRUE	TRUE	TRUE	TRUE	TRUE	no_abx	Amoxicillin	no_illness	12.75	3.46	0.07	0.1	6	TRUE	FALSE	FALSE	FALSE	TRUE	A3MD2	116143	2	45.44193268	2	CO-6599077	CO-3700195	FALSE	Finland	Jorvi	FALSE	FALSE	TRUE	TRUE	TRUE	TRUE	TRUE	TRUE	TRUE	TRUE	FALSE	TRUE	TRUE	TRUE	TRUE	TRUE	TRUE	TRUE	TRUE	TRUE	pos	neg	neg	neg	pos	0	FALSE	FALSE	seroconverted	22.38
KOSTIC_INFANTS_DIABETES_2015	G36868	E003989	case	531	Days	Male	10.1016/j.chom.2015.01.001	The Dynamics of the Human Infant Gut Microbiome in Development and in Progression towards Type 1 Diabetes	vaginal	FALSE	FALSE	3	TRUE	TRUE	TRUE	TRUE	TRUE	no_abx	Cefalexin	no_illness	13.462	0	0.146	0.021	0	TRUE	FALSE	FALSE	FALSE	FALSE	A3MD2	157883	2	7.754646301	1	CO-6599077	CO-3700195	FALSE	Finland	Jorvi	FALSE	FALSE	TRUE	TRUE	TRUE	TRUE	TRUE	TRUE	TRUE	TRUE	FALSE	TRUE	TRUE	TRUE	TRUE	TRUE	TRUE	TRUE	TRUE	TRUE	pos	zero	neg	neg	zero	0	FALSE	FALSE	seroconverted	13.629
KOSTIC_INFANTS_DIABETES_2015	G36870	E003989	case	474	Days	Male	10.1016/j.chom.2015.01.001	The Dynamics of the Human Infant Gut Microbiome in Development and in Progression towards Type 1 Diabetes	vaginal	FALSE	FALSE	3	TRUE	TRUE	TRUE	TRUE	TRUE	no_abx	Cefalexin	no_illness	13.462	0	0.146	0.021	0	TRUE	FALSE	FALSE	FALSE	FALSE	A3MD2	90405	1	16.0486908	1	CO-6599077	CO-3700195	FALSE	Finland	Jorvi	FALSE	FALSE	TRUE	TRUE	TRUE	TRUE	TRUE	TRUE	TRUE	TRUE	FALSE	TRUE	TRUE	TRUE	TRUE	TRUE	TRUE	TRUE	TRUE	TRUE	pos	zero	neg	neg	zero	0	FALSE	FALSE	seroconverted	13.629
KOSTIC_INFANTS_DIABETES_2015	G36875	E003251	case	508	Days	Female	10.1016/j.chom.2015.01.001	The Dynamics of the Human Infant Gut Microbiome in Development and in Progression towards Type 1 Diabetes	vaginal	TRUE	FALSE	3	TRUE	TRUE	TRUE	TRUE	FALSE	no_abx	no_abx	no_illness	14.083	21.754	0.076	0.296	0	TRUE	TRUE	FALSE	FALSE	FALSE	A3MD2	246414	2	33.23430252	2	CO-6599077	CO-3700195	FALSE	Finland	Jorvi	FALSE	TRUE	TRUE	TRUE	TRUE	TRUE	TRUE	TRUE	TRUE	TRUE	FALSE	TRUE	TRUE	TRUE	TRUE	FALSE	TRUE	TRUE	TRUE	TRUE	pos	pos	neg	neg	zero	0	FALSE	TRUE	T1D	36.209
KOSTIC_INFANTS_DIABETES_2015	G36882	E016924	control	769	Days	Female	10.1016/j.chom.2015.01.001	The Dynamics of the Human Infant Gut Microbiome in Development and in Progression towards Type 1 Diabetes	vaginal	FALSE	FALSE	2	TRUE	TRUE	FALSE	FALSE	FALSE	no_abx	no_abx	no_illness	0.9	0	0.09	0.06	0	FALSE	FALSE	FALSE	FALSE	FALSE	A3MD2	156852	2	46.49960709	2	CO-6610452	CO-3700195	FALSE	Finland	Jorvi	FALSE	FALSE	TRUE	TRUE	TRUE	TRUE	TRUE	TRUE	TRUE	TRUE	FALSE	TRUE	TRUE	TRUE	TRUE	TRUE	TRUE	TRUE	TRUE	TRUE	neg	zero	neg	neg	zero	0	FALSE	FALSE	control	1.05
KOSTIC_INFANTS_DIABETES_2015	G36886	E016924	control	290	Days	Female	10.1016/j.chom.2015.01.001	The Dynamics of the Human Infant Gut Microbiome in Development and in Progression towards Type 1 Diabetes	vaginal	FALSE	FALSE	2	TRUE	FALSE	FALSE	FALSE	FALSE	no_abx	no_abx	no_illness	0.95	0	0.03	0.16	0	FALSE	FALSE	FALSE	FALSE	FALSE	A3MD2	130107	2	21.05899239	2	CO-6610452	CO-3700195	FALSE	Finland	Jorvi	FALSE	FALSE	TRUE	TRUE	TRUE	TRUE	TRUE	TRUE	TRUE	TRUE	FALSE	TRUE	TRUE	TRUE	FALSE	FALSE	TRUE	TRUE	TRUE	TRUE	neg	zero	neg	neg	zero	0	FALSE	FALSE	control	1.14
KOSTIC_INFANTS_DIABETES_2015	G36896	E016924	control	505	Days	Female	10.1016/j.chom.2015.01.001	The Dynamics of the Human Infant Gut Microbiome in Development and in Progression towards Type 1 Diabetes	vaginal	FALSE	FALSE	2	TRUE	FALSE	FALSE	FALSE	FALSE	no_abx	no_abx	no_illness	0.79	0	0.03	0.14	0	FALSE	FALSE	FALSE	FALSE	FALSE	A3MD2	186098	2	81.34389496	2	CO-6610452	CO-3700195	FALSE	Finland	Jorvi	FALSE	FALSE	TRUE	TRUE	TRUE	TRUE	TRUE	TRUE	TRUE	TRUE	FALSE	TRUE	TRUE	TRUE	TRUE	FALSE	TRUE	TRUE	TRUE	TRUE	neg	zero	neg	neg	zero	0	FALSE	FALSE	control	0.96
KOSTIC_INFANTS_DIABETES_2015	G37017	E016924	control	379	Days	Female	10.1016/j.chom.2015.01.001	The Dynamics of the Human Infant Gut Microbiome in Development and in Progression towards Type 1 Diabetes	vaginal	FALSE	FALSE	2	TRUE	FALSE	FALSE	FALSE	FALSE	no_abx	no_abx	no_illness	0.79	0	0.03	0.14	0	FALSE	FALSE	FALSE	FALSE	FALSE	A2G30	101348	2	49.88820267	2	CO-6616550	CO-6426557	FALSE	Finland	Jorvi	FALSE	FALSE	TRUE	TRUE	TRUE	TRUE	TRUE	TRUE	TRUE	TRUE	FALSE	TRUE	TRUE	TRUE	TRUE	FALSE	TRUE	TRUE	TRUE	TRUE	neg	zero	neg	neg	zero	0	FALSE	FALSE	control	0.96
