SampleID,group
SRR10188366,AIH
SRR10188209,AIH
SRR10188364,AIH
SRR10188353,AIH
SRR10188342,AIH
SRR10188331,AIH
SRR10188320,AIH
SRR10188309,AIH
SRR10188298,AIH
SRR10188289,AIH
SRR10188288,AIH
SRR10188365,AIH
SRR10188287,AIH
SRR10188285,AIH
SRR10188284,AIH
SRR10188283,AIH
SRR10188282,AIH
SRR10188281,AIH
SRR10188280,AIH
SRR10188279,AIH
SRR10188278,AIH
SRR10188277,AIH
SRR10188286,AIH
SRR10188276,AIH
SRR10188274,AIH
SRR10188273,AIH
SRR10188272,AIH
SRR10188271,AIH
SRR10188270,AIH
SRR10188269,AIH
SRR10188268,AIH
SRR10188267,AIH
SRR10188266,AIH
SRR10188275,AIH
SRR10188265,AIH
SRR10188263,AIH
SRR10188262,AIH
SRR10188261,AIH
SRR10188260,AIH
SRR10188259,AIH
SRR10188258,AIH
SRR10188257,AIH
SRR10188256,AIH
SRR10188255,AIH
SRR10188264,AIH
SRR10188254,AIH
SRR10188252,AIH
SRR10188251,AIH
SRR10188250,AIH
SRR10188249,AIH
SRR10188248,AIH
SRR10188247,AIH
SRR10188246,AIH
SRR10188245,AIH
SRR10188244,AIH
SRR10188253,AIH
SRR10188243,AIH
SRR10188241,AIH
SRR10188240,AIH
SRR10188239,AIH
SRR10188238,AIH
SRR10188237,AIH
SRR10188236,AIH
SRR10188235,AIH
SRR10188234,AIH
SRR10188233,AIH
SRR10188242,AIH
SRR10188231,AIH
SRR10188220,AIH
SRR11185953,AIH
SRR11185943,AIH
SRR11185942,AIH
SRR11185941,AIH
SRR11185952,AIH
SRR11185951,AIH
SRR11185950,AIH
SRR11185949,AIH
SRR11185948,AIH
SRR11185946,AIH
SRR11185945,AIH
SRR11185944,AIH
SRR11186139,AIH
SRR11186006,AIH
SRR11186137,AIH
SRR11185986,AIH
SRR11185975,AIH
SRR11185964,AIH
SRR11186129,AIH
SRR11186118,AIH
SRR11186107,AIH
SRR11186060,AIH
SRR11186138,AIH
SRR11186049,AIH
SRR11186038,AIH
SRR11185958,AIH
SRR11185947,AIH
SRR11185940,AIH
SRR11185939,AIH
SRR11185938,AIH
SRR11185937,AIH
SRR11185936,AIH
SRR11185935,AIH
SRR11185959,AIH
SRR11185934,AIH
SRR11185933,AIH
SRR11185931,AIH
SRR11185930,AIH
SRR11185929,AIH
SRR11185928,AIH
SRR11185927,AIH
SRR11185926,AIH
SRR11185925,AIH
SRR11185924,AIH
SRR11185932,AIH
SRR11186099,AIH
SRR11186098,AIH
SRR11186096,AIH
SRR11186095,AIH
SRR11186094,AIH
SRR11186093,AIH
SRR11186092,AIH
SRR11186091,AIH
SRR11186090,AIH
SRR11186089,AIH
SRR11186097,AIH
SRR11186088,AIH
SRR11186087,AIH
SRR11186085,AIH
SRR11186084,AIH
SRR11186083,AIH
SRR11186082,AIH
SRR11186081,AIH
SRR11186080,AIH
SRR11186079,AIH
SRR11186078,AIH
SRR11186086,AIH
SRR11186077,AIH
SRR11186076,AIH
SRR11186074,AIH
SRR11186073,AIH
SRR11186072,AIH
SRR11186071,AIH
SRR11186070,AIH
SRR11186069,AIH
SRR11186068,AIH
SRR11186067,AIH
SRR11186075,AIH
SRR11186064,AIH
SRR11186017,AIH
SRR10188232,HC
SRR10188222,HC
SRR10188221,HC
SRR10188219,HC
SRR10188218,HC
SRR10188217,HC
SRR10188216,HC
SRR10188215,HC
SRR10188214,HC
SRR10188213,HC
SRR10188212,HC
SRR10188230,HC
SRR10188211,HC
SRR10188210,HC
SRR10188208,HC
SRR10188207,HC
SRR10188206,HC
SRR10188205,HC
SRR10188204,HC
SRR10188203,HC
SRR10188202,HC
SRR10188201,HC
SRR10188229,HC
SRR10188200,HC
SRR10188199,HC
SRR10188363,HC
SRR10188362,HC
SRR10188361,HC
SRR10188360,HC
SRR10188359,HC
SRR10188358,HC
SRR10188357,HC
SRR10188356,HC
SRR10188228,HC
SRR10188355,HC
SRR10188354,HC
SRR10188352,HC
SRR10188351,HC
SRR10188350,HC
SRR10188349,HC
SRR10188348,HC
SRR10188347,HC
SRR10188346,HC
SRR10188345,HC
SRR10188227,HC
SRR10188344,HC
SRR10188343,HC
SRR10188341,HC
SRR10188340,HC
SRR10188339,HC
SRR10188338,HC
SRR10188337,HC
SRR10188336,HC
SRR10188335,HC
SRR10188334,HC
SRR10188226,HC
SRR10188333,HC
SRR10188332,HC
SRR10188330,HC
SRR10188329,HC
SRR10188328,HC
SRR10188327,HC
SRR10188326,HC
SRR10188325,HC
SRR10188324,HC
SRR10188323,HC
SRR10188225,HC
SRR10188322,HC
SRR10188321,HC
SRR10188319,HC
SRR10188318,HC
SRR10188317,HC
SRR10188316,HC
SRR10188315,HC
SRR10188314,HC
SRR10188313,HC
SRR10188312,HC
SRR10188224,HC
SRR10188311,HC
SRR10188310,HC
SRR10188308,HC
SRR10188307,HC
SRR10188306,HC
SRR10188305,HC
SRR10188304,HC
SRR10188303,HC
SRR10188302,HC
SRR10188301,HC
SRR10188223,HC
SRR10188300,HC
SRR10188299,HC
SRR10188297,HC
SRR10188296,HC
SRR10188295,HC
SRR10188294,HC
SRR10188293,HC
SRR10188292,HC
SRR10188291,HC
SRR10188290,HC
SRR11186066,HC
SRR11186130,HC
SRR11186128,HC
SRR11186127,HC
SRR11186126,HC
SRR11186125,HC
SRR11186124,HC
SRR11186123,HC
SRR11186122,HC
SRR11186121,HC
SRR11186120,HC
SRR11186119,HC
SRR11186117,HC
SRR11186116,HC
SRR11186115,HC
SRR11186114,HC
SRR11186113,HC
SRR11186112,HC
SRR11186111,HC
SRR11186110,HC
SRR11186109,HC
SRR11186023,HC
SRR11186108,HC
SRR11186106,HC
SRR11186105,HC
SRR11186104,HC
SRR11186103,HC
SRR11186102,HC
SRR11186101,HC
SRR11186100,HC
SRR11186022,HC
SRR11186063,HC
SRR11186062,HC
SRR11186061,HC
SRR11186059,HC
SRR11186058,HC
SRR11186057,HC
SRR11186056,HC
SRR11186055,HC
SRR11186054,HC
SRR11186053,HC
SRR11186052,HC
SRR11186051,HC
SRR11186050,HC
SRR11186048,HC
SRR11186047,HC
SRR11186046,HC
SRR11186045,HC
SRR11186044,HC
SRR11186043,HC
SRR11186042,HC
SRR11186041,HC
SRR11186040,HC
SRR11186039,HC
SRR11186037,HC
SRR11186021,HC
SRR11186036,HC
SRR11186035,HC
SRR11186034,HC
SRR11186033,HC
SRR11186032,HC
SRR11186031,HC
SRR11186020,HC
SRR11186030,HC
SRR11186029,HC
SRR11186028,HC
SRR11185957,HC
SRR11185956,HC
SRR11185955,HC
SRR11185954,HC
SRR11186019,HC
SRR11186018,HC
SRR11186016,HC
SRR11186015,HC
SRR11186014,HC
SRR11186013,HC
SRR11186012,HC
SRR11186011,HC
SRR11186010,HC
SRR11186009,HC
SRR11186008,HC
SRR11186065,HC
SRR11186007,HC
SRR11186005,HC
SRR11186004,HC
SRR11186003,HC
SRR11186002,HC
SRR11186001,HC
SRR11186000,HC
SRR11186027,HC
SRR11185999,HC
SRR11185998,HC
SRR11185997,HC
SRR11185995,HC
SRR11186136,HC
SRR11185996,HC
SRR11185994,HC
SRR11185993,HC
SRR11186026,HC
SRR11185992,HC
SRR11185991,HC
SRR11185990,HC
SRR11185989,HC
SRR11185988,HC
SRR11185987,HC
SRR11185985,HC
SRR11186025,HC
SRR11185984,HC
SRR11185983,HC
SRR11185982,HC
SRR11185981,HC
SRR11185980,HC
SRR11185979,HC
SRR11185978,HC
SRR11185977,HC
SRR11185976,HC
SRR11185974,HC
SRR11185973,HC
SRR11185972,HC
SRR11185971,HC
SRR11186024,HC
SRR11185970,HC
SRR11185969,HC
SRR11185968,HC
SRR11185967,HC
SRR11185966,HC
SRR11185965,HC
SRR11185963,HC
SRR11185962,HC
SRR11185961,HC
SRR11185960,HC
SRR11186135,HC
SRR11186134,HC
SRR11186133,HC
SRR11186132,HC
SRR11186131,HC
