SampleID,group
SRR3581132,Control
SRR3581133,Control
SRR3581134,Control
SRR3581135,Control
SRR3581136,Control
SRR3581137,Control
SRR3581138,Control
SRR3581139,Control
SRR3581140,Control
SRR3581149,Control
SRR3581160,Control
SRR3581169,Control
SRR3581170,Control
SRR3581171,Control
SRR3581172,Control
SRR3581173,Control
SRR3581174,Control
SRR3581175,Control
SRR3581176,Control
SRR3581177,Control
SRR3581178,Control
SRR3581179,Control
SRR3581180,Control
SRR3581181,Control
SRR3581182,Control
SRR3581183,Control
SRR3581193,Control
SRR3581197,Control
SRR3581198,Control
SRR3581199,Control
SRR3581200,Control
SRR3581201,Control
SRR3581202,Control
SRR3581203,Control
SRR3581204,Control
SRR3581205,Control
SRR3581206,Control
SRR3581207,Control
SRR3581208,Control
SRR3581209,Control
SRR3581210,Control
SRR3581211,Control
SRR3581215,Control
SRR3581226,Control
SRR3581143,MS
SRR3581151,MS
SRR3581154,MS
SRR3581155,MS
SRR3581159,MS
SRR3581164,MS
SRR3581166,MS
SRR3581167,MS
SRR3581194,MS
SRR3581195,MS
SRR3581225,MS
SRR3581227,MS
SRR3581229,MS
SRR3581231,MS
SRR3581144,MS
SRR3581146,MS
SRR3581150,MS
SRR3581152,MS
SRR3581153,MS
SRR3581158,MS
SRR3581161,MS
SRR3581162,MS
SRR3581163,MS
SRR3581165,MS
SRR3581192,MS
SRR3581196,MS
SRR3581228,MS
SRR3581230,MS
SRR3581232,MS
SRR3581233,MS
SRR3581235,MS
SRR3581236,MS
SRR3581141,MS
SRR3581142,MS
SRR3581145,MS
SRR3581147,MS
SRR3581148,MS
SRR3581156,MS
SRR3581157,MS
SRR3581168,MS
SRR3581184,MS
SRR3581185,MS
SRR3581186,MS
SRR3581187,MS
SRR3581188,MS
SRR3581189,MS
SRR3581190,MS
SRR3581191,MS
SRR3581212,MS
SRR3581213,MS
SRR3581214,MS
SRR3581216,MS
SRR3581217,MS
SRR3581218,MS
SRR3581219,MS
SRR3581220,MS
SRR3581221,MS
SRR3581222,MS
SRR3581223,MS
SRR3581224,MS
SRR3581234,MS
