SampleID,group
ERR11549398,control
ERR11549399,celiac
ERR11549400,control
ERR11549401,control
ERR11549402,control
ERR11549403,celiac
ERR11549404,control
ERR11549405,control
ERR11549406,control
ERR11549407,celiac
ERR11549408,celiac
ERR11549409,celiac
ERR11549410,control
ERR11549411,control
ERR11549412,control
ERR11549413,celiac
ERR11549414,celiac
ERR11549415,celiac
ERR11549416,control
ERR11549417,control
ERR11549418,control
ERR11549419,control
ERR11549420,celiac
ERR11549421,celiac
ERR11549422,celiac
ERR11549423,control
ERR11549424,control
ERR11549425,control
ERR11549426,celiac
ERR11549427,celiac
ERR11549428,celiac
ERR11549429,control
ERR11549430,control
ERR11549431,control
ERR11549432,control
ERR11549433,celiac
ERR11549434,celiac
ERR11549435,celiac
ERR11549436,control
ERR11549437,control
ERR11549438,celiac
ERR11549439,control
ERR11549440,control
ERR11549441,control
ERR11549442,celiac
ERR11549443,control
ERR11549444,control
ERR11549445,control
ERR11549446,control
