SampleID,group
ERR3507009,Healthy
ERR3507010,Healthy
ERR3507011,Healthy
ERR3507012,Healthy
ERR3507013,Healthy
ERR3507014,Healthy
ERR3507015,Healthy
ERR3507016,Healthy
ERR3507017,Healthy
ERR3507018,Healthy
ERR3507019,Healthy
ERR3507020,Healthy
ERR3507021,Healthy
ERR3507022,Healthy
ERR3507023,Healthy
ERR3507024,Healthy
ERR3507025,Healthy
ERR3507026,Healthy
ERR3507027,Healthy
ERR3507028,Healthy
ERR3507029,Healthy
ERR3507030,Healthy
ERR3507031,Healthy
ERR3507032,Healthy
ERR3507033,Healthy
ERR3507034,Healthy
ERR3507035,Healthy
ERR3507036,Healthy
ERR3507037,Healthy
ERR3507038,Healthy
ERR3507039,Healthy
ERR3507040,Healthy
ERR3507041,Healthy
ERR3507042,Healthy
ERR3507043,Healthy
ERR3507044,Healthy
ERR3507045,Healthy
ERR3507046,Healthy
ERR3507047,Healthy
ERR3507048,MS
ERR3507049,MS
ERR3507050,MS
ERR3507051,MS
ERR3507052,MS
ERR3507053,MS
ERR3507054,MS
ERR3507055,MS
ERR3507056,MS
ERR3507057,MS
ERR3507058,MS
ERR3507059,MS
ERR3507060,MS
ERR3507061,MS
ERR3507062,MS
ERR3507063,MS
ERR3507064,MS
ERR3507065,MS
ERR3507066,MS
ERR3507067,MS
ERR3507068,MS
ERR3507069,MS
ERR3507070,MS
ERR3507071,MS
ERR3507072,MS
ERR3507073,MS
