SampleID,group
ERR3305244,APS
ERR3305318,APS
ERR3305319,APS
ERR3305245,APS
ERR3305246,APS
ERR3305247,APS
ERR3305320,APS
ERR3305321,APS
ERR3305248,APS
ERR3305249,APS
ERR3305316,APS
ERR3305317,APS
ERR3305250,APS
ERR3305251,APS
ERR3305252,APS
ERR3305253,APS
ERR3305254,APS
ERR3305255,APS
ERR3305322,APS
ERR3305323,APS
ERR3305256,APS
ERR3305257,APS
ERR3305258,APS
ERR3305259,APS
ERR3305260,APS
ERR3305261,APS
ERR3305262,APS
ERR3305263,APS
ERR3305324,APS
ERR3305325,APS
ERR3305264,APS
ERR3305265,APS
ERR3305266,APS
ERR3305326,APS
ERR3305327,APS
ERR3305267,APS
ERR3305268,APS
ERR3305328,APS
ERR3305329,APS
ERR3305269,APS
ERR3305270,APS
ERR3305271,APS
ERR3305272,APS
ERR3305273,APS
ERR3305330,APS
ERR3305331,APS
ERR3305274,APS
ERR3305275,APS
ERR3305276,APS
ERR3305332,APS
ERR3305333,APS
ERR3305277,APS
ERR3305278,APS
ERR3305279,NOR
ERR3305280,NOR
ERR3305281,NOR
ERR3305282,NOR
ERR3305283,NOR
ERR3305334,NOR
ERR3305335,NOR
ERR3305284,NOR
ERR3305285,NOR
ERR3305286,NOR
ERR3305287,NOR
ERR3305336,NOR
ERR3305337,NOR
ERR3305288,NOR
ERR3305289,NOR
ERR3305290,NOR
ERR3305291,NOR
ERR3305292,NOR
ERR3305293,NOR
ERR3305338,NOR
ERR3305339,NOR
ERR3305294,NOR
ERR3305295,NOR
ERR3305296,NOR
ERR3305340,NOR
ERR3305341,NOR
ERR3305297,NOR
ERR3305298,NOR
ERR3305342,NOR
ERR3305343,NOR
ERR3305299,NOR
ERR3305300,NOR
ERR3305301,NOR
ERR3305302,NOR
ERR3305303,NOR
ERR3305304,NOR
ERR3305344,NOR
ERR3305345,NOR
ERR3305305,NOR
ERR3305306,NOR
ERR3305307,NOR
ERR3305308,NOR
ERR3305347,NOR
ERR3305309,NOR
ERR3305310,NOR
ERR3305311,NOR
ERR3305348,NOR
ERR3305349,NOR
ERR3305312,NOR
ERR3305313,NOR
ERR3305350,NOR
ERR3305351,NOR
ERR3305314,NOR
ERR3305315,NOR
