GROUP_ID,group
C01,Healthy
C02,Healthy
C03,Healthy
C04,Healthy
C05,Healthy
C06,Healthy
C07,Healthy
C08,Healthy
C09,Healthy
C10,Healthy
C11,Healthy
C12,Healthy
C13,Healthy
C14,Healthy
C15,Healthy
C16,Healthy
C17,Healthy
C18,Healthy
C19,Healthy
C20,Healthy
C21,Healthy
C22,Healthy
C23,Healthy
C24,Healthy
C25,Healthy
C26,Healthy
C27,Healthy
C28,Healthy
C29,Healthy
C30,Healthy
C31,Healthy
C32,Healthy
C33,Healthy
C34,Healthy
C35,Healthy
C36,Healthy
C37,Healthy
C38,Healthy
C39,Healthy
C40,Healthy
C41,Healthy
C42,Healthy
C43,Healthy
C44,Healthy
C45,Healthy
C46,Healthy
C47,Healthy
C48,Healthy
C49,Healthy
C50,Healthy
C51,Healthy
C52,Healthy
C53,Healthy
C54,Healthy
C55,Healthy
C56,Healthy
C57,Healthy
C58,Healthy
C59,Healthy
C60,Healthy
C61,Healthy
C62,Healthy
G53,GD I
G55,GD I
G15,GD II
G11,GD I
G85,GD I
G81,GD II
G19,GD I
G58,GD II
G13,GD I
G43,GD I
G21,GD II
G31,GD II
G45,GD I
G51,GD II
G49,GD I
G17,GD I
G87,GD I
G47,GD I
G67,GD I
G89,GD II
G65,GD II
G83,GD II
G69,GD I
G33,GD II
G71,GD I
G29,GD I
G25,GD I
G63,GD I
G27,GD II
G39,GD I
G59,GD II
G61,GD II
G41,GD II
G35,GD I
G37,GD II
G75,GD II
G73,GD I
G77,GD I
G101,GD II
G79,GD I
G95,GD II
G94,GD I
G91,GD I
G102,GD I
G98,GD I
G93,GD I
G99,GD I
G57,GD II
G96,GD I
G100,GD I
G97,GD I
G92,GD I
G88,GD II
G66,GD I
G70,GD I
G46,GD I
G84,GD II
G44,GD I
G28,GD II
G68,GD I
G86,GD I
G72,GD I
G36,GD II
G74,GD I
G32,GD II
G34,GD II
G38,GD II
G14,GD I
G16,GD I
G42,GD II
G18,GD I
G20,GD I
G22,GD I
G24,GD I
G26,GD I
G48,GD I
G50,GD I
G52,GD I
G30,GD I
G40,GD I
G62,GD II
G76,GD II
G12,GD I
G82,GD II
G78,GD I
G80,GD I
G54,GD I
G56,GD I
G60,GD II
G23,GD I
