GROUP_ID,group
CO01,Healthy
CO02,Healthy
CO03,Healthy
CO04,Healthy
CO05,Healthy
CO06,Healthy
CO07,Healthy
CO08,Healthy
CO09,Healthy
CO10,Healthy
CO11,Healthy
CO12,Healthy
CO13,Healthy
CO14,Healthy
CO15,Healthy
CO16,Healthy
CO17,Healthy
CO18,Healthy
CO19,Healthy
CO20,Healthy
CO21,Healthy
CO22,Healthy
CO23,Healthy
CO24,Healthy
CO25,Healthy
CO26,Healthy
CO27,Healthy
CO28,Healthy
CO29,Healthy
CO30,Healthy
CO31,Healthy
CO32,Healthy
CO33,Healthy
CO34,Healthy
CO35,Healthy
CO36,Healthy
CO37,Healthy
CO38,Healthy
CO39,Healthy
CO40,Healthy
CO41,Healthy
CO42,Healthy
CO43,Healthy
CO44,Healthy
CO45,Healthy
CO46,Healthy
CO47,Healthy
CO48,Healthy
CO49,Healthy
CO50,Healthy
CO51,Healthy
CO52,Healthy
CO53,Healthy
CO54,Healthy
CO55,Healthy
CO56,Healthy
CO57,Healthy
CO58,Healthy
CO59,Healthy
CO60,Healthy
CO61,Healthy
CO62,Healthy
GS36,GD I
GS38,GD I
GR07,GD II
GS08,GD I
GS54,GD I
GR30,GD II
GS01,GD I
GS15,GD I
GR22,GD II
GS10,GD I
GS27,GD I
GR03,GD II
GR08,GD II
GR04,GD II
GR11,GD II
GS29,GD I
GR20,GD II
GS04,GD I
GS33,GD I
GS13,GD I
GS56,GD I
GS31,GD I
GS42,GD I
GR35,GD II
GR27,GD II
GR32,GD II
GS44,GD I
GR13,GD II
GS46,GD I
GS22,GD I
GS20,GD I
GS40,GD I
GR09,GD II
GS25,GD I
GR23,GD II
GR25,GD II
GR01,GD II
GR18,GD II
GS24,GD I
GR16,GD II
GR28,GD II
GS48,GD I
GS50,GD I
GR06,GD II
GS52,GD I
GR36,GD II
GS60,GD I
GS57,GD I
GS06,GD I
GS63,GD I
GS59,GD I
GS64,GD I
GR21,GD II
GS61,GD I
GS05,GD I
GS62,GD I
GS58,GD I
GR34,GD II
GS41,GD I
GS45,GD I
GS30,GD I
GR33,GD II
GS28,GD I
GR10,GD II
GS43,GD I
GS55,GD I
GS47,GD I
GR15,GD II
GS49,GD I
GR12,GD II
GR14,GD II
GR05,GD II
GR17,GD II
GS11,GD I
GS12,GD I
GR19,GD II
GS14,GD I
GS16,GD I
GS17,GD I
GS19,GD I
GS21,GD I
GS32,GD I
GS34,GD I
GS35,GD I
GS23,GD I
GS26,GD I
GS07,GD I
GR26,GD II
GS03,GD I
GR02,GD II
GR29,GD II
GS09,GD I
GR31,GD II
GS02,GD I
GS51,GD I
GS53,GD I
GS37,GD I
GS39,GD I
GR24,GD II
GS18,GD I
