SampleID,group
SRR7014164,Control
SRR7014175,Control
SRR7013984,Control
SRR7013983,Control
SRR7013982,Control
SRR7013981,Control
SRR7013980,Control
SRR7013979,Control
SRR7014200,Control
SRR7014197,Control
SRR7014165,Control
SRR7013947,Control
SRR7013948,Control
SRR7013949,Control
SRR7013950,Control
SRR7013951,Control
SRR7013952,Control
SRR7014002,Control
SRR7014130,Control
SRR7014118,Control
SRR7014119,Control
SRR7014176,Control
SRR7014001,CD_st
SRR7014000,CD_st
SRR7013999,CD_st
SRR7013998,CD_st
SRR7014005,CD_st
SRR7014004,CD_st
SRR7014012,CD_st
SRR7014013,CD_st
SRR7014010,CD_st
SRR7014011,CD_st
SRR7013976,CD_st
SRR7013975,CD_st
SRR7013978,CD_st
SRR7013977,CD_st
SRR7013972,CD_st
SRR7013971,CD_st
SRR7013974,CD_st
SRR7013973,CD_st
SRR7013970,CD_st
SRR7013969,CD_st
SRR7014177,CD_st
SRR7014095,CD_st
SRR7014202,CD_st
SRR7013953,CD_st
SRR7013967,CD_st
SRR7014117,CD_st
SRR7014006,CD_st
SRR7014022,CD_st
SRR7014032,CD_st
SRR7014047,CD_st
SRR7014173,CD_st
SRR7014059,CD_st
SRR7014174,CD_st
SRR7014172,CD_st
SRR7014171,CD_st
SRR7014170,CD_st
SRR7014153,CD_st
SRR7013964,CD_st
SRR7014142,CD_st
SRR7014141,CD_st
SRR7014178,CD_st
SRR7014096,CD_st
SRR7014093,CD_st
SRR7014094,CD_st
SRR7013995,CD_st
SRR7013997,CD_st
SRR7014097,CD_st
SRR7014098,CD_st
SRR7014009,CD_st
SRR7014072,CD_st
SRR7014058,CD_st
SRR7014036,CD_st
SRR7014048,CD_st
SRR7013966,CD_st
SRR7014057,CD_st
SRR7014003,CD_st
SRR7013996,CD_st
SRR7014008,CD_st
SRR7014007,CD_st
SRR7014121,CD_st
SRR7014120,CD_st
SRR7014123,CD_st
SRR7014031,CD_st
SRR7014061,CD_st
SRR7014060,CD_st
SRR7013965,CD_st
SRR7014073,CD_st
SRR7014049,CD_st
SRR7014050,CD_st
SRR7014051,CD_st
SRR7014052,CD_st
SRR7014053,CD_st
SRR7014054,CD_st
SRR7014055,CD_st
SRR7014056,CD_st
SRR7014045,CD_st
SRR7014046,CD_st
SRR7014092,CD_st
SRR7014091,CD_st
SRR7014090,CD_st
SRR7014089,CD_st
SRR7014088,CD_st
SRR7014087,CD_st
SRR7014086,CD_st
SRR7014085,CD_st
SRR7014100,CD_st
SRR7014099,CD_st
SRR7014133,CD_st
SRR7014134,CD_st
SRR7014131,CD_st
SRR7014132,CD_st
SRR7014137,CD_st
SRR7014138,CD_st
SRR7014135,CD_st
SRR7014136,CD_st
SRR7014139,CD_st
SRR7014140,CD_st
SRR7014155,CD_st
SRR7014154,CD_st
SRR7014157,CD_st
SRR7014156,CD_st
SRR7014159,CD_st
SRR7014158,CD_st
SRR7014161,CD_st
SRR7014160,CD_st
SRR7014163,CD_st
SRR7014162,CD_st
SRR7014193,CD_st
SRR7014194,CD_st
SRR7014195,CD_st
SRR7014196,CD_st
SRR7014122,CD_st
SRR7014125,CD_st
SRR7014124,CD_st
SRR7014127,CD_st
SRR7014126,CD_st
SRR7014189,CD_st
SRR7014190,CD_st
SRR7014191,CD_st
SRR7014192,CD_st
SRR7014198,CD_st
SRR7014199,CD_st
SRR7013957,CD_st
SRR7013956,CD_st
SRR7013955,CD_st
SRR7013954,CD_st
SRR7013961,CD_st
SRR7013960,CD_st
SRR7013959,CD_st
SRR7013958,CD_st
SRR7013963,CD_st
SRR7013962,CD_st
SRR7013993,CD_st
SRR7013994,CD_st
SRR7013991,CD_st
SRR7013992,CD_st
SRR7013989,CD_st
SRR7013990,CD_st
SRR7013987,CD_st
SRR7013988,CD_st
SRR7013985,CD_st
SRR7013986,CD_st
SRR7014028,CD_st
SRR7014027,CD_st
SRR7014030,CD_st
SRR7014029,CD_st
SRR7014024,CD_st
SRR7014023,CD_st
SRR7014026,CD_st
SRR7014025,CD_st
SRR7014021,CD_st
SRR7014020,CD_st
SRR7014062,CD_st
SRR7014063,CD_st
SRR7014064,CD_st
SRR7014065,CD_st
SRR7014066,CD_st
SRR7014067,CD_st
SRR7014068,CD_st
SRR7014069,CD_st
SRR7014070,CD_st
SRR7014071,CD_st
SRR7014116,CD_st
SRR7014115,CD_st
SRR7014114,CD_st
SRR7014113,CD_st
SRR7014112,CD_st
SRR7014129,CD_st
SRR7014128,CD_st
SRR7014078,CD_st
SRR7014079,CD_st
SRR7014080,CD_st
SRR7014081,CD_st
SRR7014074,CD_st
SRR7014111,CD_st
SRR7014110,CD_st
SRR7014109,CD_st
SRR7014108,CD_st
SRR7014107,CD_st
SRR7014146,CD_st
SRR7014145,CD_st
SRR7014144,CD_st
SRR7014143,CD_st
SRR7014150,CD_st
SRR7014149,CD_st
SRR7014148,CD_st
SRR7014147,CD_st
SRR7014152,CD_st
SRR7014151,CD_st
SRR7014105,CD_st
SRR7014106,CD_st
SRR7014201,CD_st
SRR7014019,CD_st
SRR7014101,CD_st
SRR7014102,CD_st
SRR7014103,CD_st
SRR7014104,CD_active
SRR7014033,CD_active
SRR7014034,CD_active
SRR7014186,CD_active
SRR7014075,CD_st
SRR7014076,CD_st
SRR7014077,CD_st
SRR7014082,CD_st
SRR7014083,CD_st
SRR7014040,CD_st
SRR7014185,CD_active
SRR7014188,CD_active
SRR7014187,CD_active
SRR7014182,CD_active
SRR7014181,CD_active
SRR7014184,CD_active
SRR7014183,CD_active
SRR7014180,CD_active
SRR7014179,CD_active
SRR7014039,CD_st
SRR7014038,CD_st
SRR7014037,CD_st
SRR7014168,CD_active
SRR7014169,CD_active
SRR7014166,CD_active
SRR7014167,CD_active
SRR7014044,CD_st
SRR7014043,CD_st
SRR7014042,CD_st
SRR7014041,CD_st
SRR7014035,CD_st
SRR7013968,CD_st
SRR7014018,CD_st
SRR7014084,CD_st
SRR7014016,CD_st
SRR7014017,CD_st
SRR7014014,CD_st
SRR7014015,CD_st
