SampleID,group
SRR20314505,Control
SRR20314525,Control
SRR20314495,Control
SRR20314467,Control
SRR20314494,Control
SRR20314523,Control
SRR20314493,Control
SRR20314522,Control
SRR20314504,Control
SRR20314524,Control
SRR20314503,Control
SRR20314513,Control
SRR20314501,Control
SRR20314502,Control
SRR20314500,Control
SRR20314491,Control
SRR20314499,Control
SRR20314480,Control
SRR20314498,Control
SRR20314470,Control
SRR20314497,Control
SRR20314469,Control
SRR20314496,Control
SRR20314468,Control
SRR20314492,IBD
SRR20314521,IBD
SRR20314490,IBD
SRR20314520,IBD
SRR20314489,IBD
SRR20314519,IBD
SRR20314488,IBD
SRR20314518,IBD
SRR20314487,IBD
SRR20314517,IBD
SRR20314486,IBD
SRR20314516,IBD
SRR20314485,IBD
SRR20314515,IBD
SRR20314484,IBD
SRR20314514,IBD
SRR20314512,IBD
SRR20314483,IBD
SRR20314482,IBD
SRR20314481,IBD
SRR20314511,IBD
SRR20314510,IBD
SRR20314479,IBD
SRR20314478,IBD
SRR20314477,IBD
SRR20314509,IBD
SRR20314476,IBD
SRR20314475,IBD
SRR20314474,IBD
SRR20314508,IBD
SRR20314507,IBD
SRR20314473,IBD
SRR20314472,IBD
SRR20314471,IBD
SRR20314506,IBD
