SampleID,group
SRR8924781,Autism
SRR8924782,Autism
SRR8924784,Autism
SRR8924757,Autism
SRR8924756,Autism
SRR8924806,Autism
SRR8924800,Autism
SRR8924761,Autism
SRR8924783,Autism
SRR8924785,Autism
SRR8924792,Autism
SRR8924778,Autism
SRR8924786,Autism
SRR8924787,Autism
SRR8924780,Autism
SRR8924760,Autism
SRR8924759,Autism
SRR8924758,Autism
SRR8924793,Autism
SRR8924735,Neuropathy
SRR8924734,Neuropathy
SRR8924733,Neuropathy
SRR8924732,Neuropathy
SRR8924739,Neuropathy
SRR8924738,Neuropathy
SRR8924737,Neuropathy
SRR8924736,Neuropathy
SRR8924743,Neuropathy
SRR8924742,Neuropathy
SRR8924747,Neuropathy
SRR8924746,Neuropathy
SRR8924749,Neuropathy
SRR8924748,Neuropathy
SRR8924751,Neuropathy
SRR8924750,Neuropathy
SRR8924753,Neuropathy
SRR8924752,Neuropathy
SRR8924755,Neuropathy
SRR8924754,Neuropathy
