SampleID,group
ERR2105431,MS
ERR2105432,MS
ERR2105377,MS
ERR2105433,MS
ERR2105434,MS
ERR2105435,Control
ERR2105378,MS
ERR2105436,MS
ERR2105437,MS
ERR2105379,MS
ERR2105438,MS
ERR2105439,MS
ERR2105440,Control
ERR2105380,MS
ERR2105381,MS
ERR2105441,MS
ERR2105442,MS
ERR2105443,MS
ERR2105382,MS
ERR2105383,MS
ERR2105384,MS
ERR2105444,MS
ERR2105445,MS
ERR2105446,MS
ERR2105447,MS
ERR2105385,MS
ERR2105386,MS
ERR2105448,MS
ERR2105387,Control
ERR2105388,Control
ERR2105389,Control
ERR2105390,Control
ERR2105391,Control
ERR2105449,Control
ERR2105392,Control
ERR2105450,Control
ERR2105393,Control
ERR2105394,Control
ERR2105451,Control
ERR2105395,Control
ERR2105396,Control
ERR2105397,Control
ERR2105452,Control
ERR2105398,Control
ERR2105399,Control
ERR2105400,Control
ERR2105401,Control
ERR2105402,Control
ERR2105453,Control
ERR2105454,Control
ERR2105455,Control
ERR2105456,Control
ERR2105457,Control
ERR2105458,Control
ERR2105459,Control
ERR2105460,Control
ERR2105461,Control
ERR2105462,Control
ERR2105463,Control
ERR2105464,Control
ERR2105403,MS
ERR2105465,MS
ERR2105404,MS
ERR2105405,MS
ERR2105406,MS
ERR2105407,MS
ERR2105466,MS
ERR2105467,MS
ERR2105468,MS
ERR2105469,MS
ERR2105470,MS
ERR2105471,MS
ERR2105472,MS
ERR2105473,MS
ERR2105474,MS
ERR2105475,MS
ERR2105476,MS
ERR2105477,MS
ERR2105478,MS
ERR2105479,MS
ERR2105480,MS
ERR2105481,MS
ERR2105482,MS
ERR2105483,MS
ERR2105484,MS
ERR2105485,Control
ERR2105486,MS
ERR2105487,MS
ERR2105488,MS
ERR2105408,Control
ERR2105489,Control
ERR2105490,Control
ERR2105491,Control
ERR2105492,Control
ERR2105493,Control
ERR2105494,Control
ERR2105495,Control
ERR2105496,Control
ERR2105497,Control
ERR2105498,Control
ERR2105499,Control
ERR2105500,Control
ERR2105501,Control
ERR2105409,Control
ERR2105419,Control
ERR2105410,Control
ERR2105411,Control
ERR2105412,Control
ERR2105413,Control
ERR2105420,Control
ERR2105414,Control
ERR2105421,Control
ERR2105422,Control
ERR2105423,Control
ERR2105424,Control
ERR2105425,Control
ERR2105415,Control
ERR2105426,Control
ERR2105427,Control
ERR2105428,Control
ERR2105416,Control
ERR2105429,Control
ERR2105417,Control
ERR2105418,Control
ERR2105502,MS
ERR2105503,MS
ERR2105504,MS
ERR2105505,MS
ERR2105506,MS
ERR2105507,MS
ERR2105508,MS
ERR2105509,MS
ERR2105510,MS
ERR2105511,MS
ERR2105512,MS
ERR2105513,MS
ERR2105514,MS
ERR2105515,MS
ERR2105516,MS
ERR2105517,MS
ERR2105518,MS
ERR2105519,MS
ERR2105520,MS
ERR2105521,MS
ERR2105522,MS
ERR2105523,MS
ERR2105430,Control
