SampleID,group
SRR18274804,HC
SRR18274803,HC
SRR18274802,HC
SRR18274801,HC
SRR18274800,HC
SRR18274799,HC
SRR18274798,HC
SRR18274797,HC
SRR18274796,HC
SRR18274795,HC
SRR18274793,HC
SRR18274792,HC
SRR18274791,HC
SRR18274790,HC
SRR18274789,HC
SRR18274788,HC
SRR18274787,HC
SRR18274786,HC
SRR18274785,HC
SRR18274784,HC
SRR18274828,SS
SRR18274827,SS
SRR18274816,SS
SRR18274805,SS
SRR18274794,SS
SRR18274783,SS
SRR18274782,SS
SRR18274781,SS
SRR18274780,SS
SRR18274779,SS
SRR18274826,SS
SRR18274825,SS
SRR18274824,SS
SRR18274823,SS
SRR18274822,SS
SRR18274821,SS
SRR18274820,SS
SRR18274819,SS
SRR18274818,SS
SRR18274817,SS
SRR18274815,SS
SRR18274814,SS
SRR18274813,SS
SRR18274812,SS
SRR18274811,SS
SRR18274810,SS
SRR18274809,SS
SRR18274808,SS
SRR18274807,SS
SRR18274806,SS
