SampleID,group
SRR18065443,TAO
SRR18065444,TAO
SRR18065445,TAO
SRR18065446,TAO
SRR18065447,TAO
SRR18065448,TAO
SRR18065449,TAO
SRR18065450,TAO
SRR18065451,TAO
SRR18065452,TAO
SRR18065454,TAO
SRR18065455,TAO
SRR18065456,TAO
SRR18065457,TAO
SRR18065458,TAO
SRR18065459,TAO
SRR18065460,TAO
SRR18065461,TAO
SRR18065462,TAO
SRR18065463,TAO
SRR18065465,TAO
SRR18065466,TAO
SRR18065467,TAO
SRR18065468,TAO
SRR18065469,TAO
SRR18065470,TAO
SRR18065471,TAO
SRR18065472,TAO
SRR18065473,TAO
SRR18065474,TAO
SRR18065476,TAO
SRR18065477,TAO
SRR18065478,TAO
SRR18065479,TAO
SRR18065480,TAO
SRR18065481,TAO
SRR18065482,TAO
SRR18065483,TAO
SRR18065484,TAO
SRR18065485,TAO
SRR18065487,TAO
SRR18065488,TAO
SRR18065489,TAO
SRR18065490,TAO
SRR18065491,TAO
SRR18065492,TAO
SRR18065493,TAO
SRR18065494,TAO
SRR18065495,TAO
SRR18065496,TAO
SRR18065498,TAO
SRR18065499,TAO
SRR18065500,TAO
SRR18065501,TAO
SRR18065502,TAO
SRR18065503,TAO
SRR18065504,TAO
SRR18065505,TAO
SRR18065506,TAO
SRR18065512,TAO
SRR18065420,TAO
SRR18065431,TAO
SRR18065442,TAO
SRR18065453,TAO
SRR18065464,TAO
SRR18065475,TAO
SRR18065486,TAO
SRR18065497,TAO
SRR18065513,TAO
SRR18065514,TAO
SRR18065433,HC
SRR18065434,HC
SRR18065435,HC
SRR18065436,HC
SRR18065437,HC
SRR18065438,HC
SRR18065507,HC
SRR18065508,HC
SRR18065509,HC
SRR18065510,HC
SRR18065511,HC
SRR18065410,HC
SRR18065439,HC
SRR18065411,HC
SRR18065412,HC
SRR18065413,HC
SRR18065414,HC
SRR18065415,HC
SRR18065416,HC
SRR18065417,HC
SRR18065418,HC
SRR18065419,HC
SRR18065421,HC
SRR18065440,HC
SRR18065422,HC
SRR18065423,HC
SRR18065424,HC
SRR18065425,HC
SRR18065426,HC
SRR18065427,HC
SRR18065428,HC
SRR18065429,HC
SRR18065430,HC
SRR18065432,HC
SRR18065441,HC
