SampleID,group
SRR10103604,healthy
SRR10103603,healthy
SRR10103597,healthy
SRR10103596,healthy
SRR10103595,healthy
SRR10103594,healthy
SRR10103593,healthy
SRR10103592,healthy
SRR10103591,healthy
SRR10103590,healthy
SRR10103602,healthy
SRR10103601,healthy
SRR10103600,healthy
SRR10103599,healthy
SRR10103598,healthy
SRR10103933,PPRS
SRR10103939,PPRS
SRR10103938,PPRS
SRR10103932,PPRS
SRR10103931,PPRS
SRR10103930,PPRS
SRR10103929,PPRS
SRR10103928,PPRS
SRR10103927,PPRS
SRR10103926,PPRS
SRR10103925,PPRS
SRR10103937,PPRS
SRR10103936,PPRS
SRR10103935,PPRS
SRR10103934,PPRS
