SampleID,group
ERR3610709,control-CD
ERR3610710,control-CD
ERR3610712,control-CD
ERR3610715,control-CD
ERR3610717,control-CD
ERR3610708,control-CD
ERR3610718,control-CD
ERR3610711,control-CD
ERR3610719,control-CD
ERR3610714,control-CD
ERR3610720,control-CD
ERR3610721,control-CD
ERR3610723,control-CD
ERR3610724,control-CD
ERR3610726,control-CD
ERR3610727,control-CD
ERR3610725,control-CD
ERR3610731,control-CD
ERR3610728,control-CD
ERR3610733,control-CD
ERR3610730,control-CD
ERR3610734,control-CD
ERR3610705,control-CD
ERR3610706,control-CD
ERR3610707,control-CD
ERR3610713,control-CD
ERR3610716,control-CD
ERR3610722,control-CD
ERR3610729,control-CD
ERR3610732,control-CD
ERR3610735,PAI-CD
ERR3610736,PAI-CD
ERR3610739,PAI-CD
ERR3610737,PAI-CD
ERR3610742,PAI-CD
ERR3610738,PAI-CD
ERR3610741,PAI-CD
ERR3610743,PAI-CD
ERR3610745,PAI-CD
ERR3610749,PAI-CD
ERR3610750,PAI-CD
ERR3610752,PAI-CD
ERR3610753,PAI-CD
ERR3610754,PAI-CD
ERR3610740,PAI-CD
ERR3610744,PAI-CD
ERR3610746,PAI-CD
ERR3610747,PAI-CD
ERR3610748,PAI-CD
ERR3610751,PAI-CD
