SampleID,group
SRR5342049,HC
SRR5342048,HC
SRR5342047,HC
SRR5342046,HC
SRR5342045,HC
SRR5342044,HC
SRR5342043,HC
SRR5342042,HC
SRR5342041,HC
SRR5342040,HC
SRR5342039,HC
SRR5342038,HC
SRR5342037,HC
SRR5342036,HC
SRR5342035,HC
SRR5342034,HC
SRR5342033,HC
SRR5342032,HC
SRR5342031,HC
SRR5342030,HC
SRR5342029,HC
SRR5342028,HC
SRR5342027,HC
SRR5342026,HC
SRR5342025,HC
SRR5342024,HC
SRR5342023,HC
SRR5342022,HC
SRR5342237,JIA
SRR5342236,JIA
SRR5342235,JIA
SRR5342234,JIA
SRR5342233,JIA
SRR5342232,JIA
SRR5342231,JIA
SRR5342230,JIA
SRR5342229,JIA
SRR5342228,JIA
SRR5342227,JIA
SRR5342226,JIA
SRR5342225,JIA
SRR5342224,JIA
SRR5342223,JIA
SRR5342222,JIA
SRR5342221,JIA
SRR5342220,JIA
SRR5342219,JIA
SRR5342218,JIA
SRR5342217,JIA
SRR5342216,JIA
SRR5342215,JIA
SRR5342214,JIA
SRR5342213,JIA
SRR5342212,JIA
SRR5342211,JIA
SRR5342210,JIA
SRR5342209,JIA
SRR5342208,JIA
SRR5342207,JIA
SRR5342206,JIA
SRR5342205,JIA
SRR5342204,JIA
SRR5342203,JIA
SRR5342202,JIA
SRR5342201,JIA
SRR5342200,JIA
SRR5342199,JIA
SRR5342198,JIA
SRR5342197,JIA
SRR5342196,JIA
SRR5342195,JIA
SRR5342194,JIA
SRR5342193,JIA
SRR5342192,JIA
SRR5342191,JIA
SRR5342190,JIA
SRR5342189,JIA
SRR5342188,JIA
SRR5342187,JIA
SRR5342186,JIA
SRR5342185,JIA
SRR5342184,JIA
SRR5342183,JIA
SRR5342182,JIA
SRR5342181,JIA
SRR5342180,JIA
SRR5342179,JIA
SRR5342178,JIA
SRR5342177,JIA
SRR5342176,JIA
SRR5342175,JIA
SRR5342174,JIA
SRR5342173,JIA
SRR5342172,JIA
SRR5342171,JIA
SRR5342170,JIA
SRR5342169,JIA
SRR5342168,JIA
SRR5342167,JIA
SRR5342166,JIA
SRR5342165,JIA
SRR5342164,JIA
SRR5342163,JIA
SRR5342162,JIA
SRR5342161,JIA
SRR5342160,JIA
SRR5342159,JIA
SRR5342158,JIA
SRR5342157,JIA
SRR5342156,JIA
SRR5342155,JIA
SRR5342154,JIA
SRR5342153,JIA
SRR5342152,JIA
SRR5342151,JIA
SRR5342150,JIA
SRR5342149,JIA
SRR5342148,JIA
SRR5342147,JIA
SRR5342146,JIA
SRR5342145,JIA
SRR5342144,JIA
SRR5342143,JIA
SRR5342142,JIA
SRR5342141,JIA
SRR5342140,JIA
SRR5342139,JIA
SRR5342138,JIA
SRR5342137,JIA
SRR5342136,JIA
SRR5342135,JIA
SRR5342134,JIA
SRR5342133,JIA
SRR5342132,JIA
SRR5342131,JIA
SRR5342130,JIA
SRR5342129,JIA
SRR5342128,JIA
SRR5342127,JIA
SRR5342126,JIA
SRR5342125,JIA
SRR5342124,JIA
SRR5342123,JIA
SRR5342122,JIA
SRR5342121,JIA
SRR5342120,JIA
SRR5342119,JIA
SRR5342118,JIA
SRR5342117,JIA
SRR5342116,JIA
SRR5342115,JIA
SRR5342114,JIA
SRR5342113,JIA
SRR5342112,JIA
SRR5342111,JIA
SRR5342110,JIA
SRR5342109,JIA
SRR5342108,JIA
SRR5342107,JIA
SRR5342106,JIA
SRR5342105,JIA
SRR5342104,JIA
SRR5342103,JIA
SRR5342102,JIA
SRR5342101,JIA
SRR5342100,JIA
SRR5342099,JIA
SRR5342098,JIA
SRR5342097,JIA
SRR5342096,JIA
SRR5342095,JIA
SRR5342094,JIA
SRR5342093,JIA
SRR5342092,JIA
SRR5342091,JIA
SRR5342090,JIA
SRR5342089,JIA
SRR5342088,JIA
SRR5342087,JIA
SRR5342086,JIA
SRR5342085,JIA
SRR5342084,JIA
SRR5342083,JIA
SRR5342082,JIA
SRR5342081,JIA
SRR5342080,JIA
SRR5342079,JIA
SRR5342078,JIA
SRR5342077,JIA
SRR5342076,JIA
SRR5342075,JIA
SRR5342074,JIA
SRR5342073,JIA
SRR5342072,JIA
SRR5342071,JIA
SRR5342070,JIA
SRR5342069,JIA
SRR5342068,JIA
SRR5342067,JIA
SRR5342066,JIA
SRR5342065,JIA
SRR5342064,JIA
SRR5342063,JIA
SRR5342062,JIA
SRR5342061,JIA
SRR5342060,JIA
SRR5342059,JIA
SRR5342058,JIA
SRR5342057,JIA
SRR5342056,JIA
SRR5342055,JIA
SRR5342054,JIA
SRR5342053,JIA
SRR5342052,JIA
SRR5342051,JIA
SRR5342050,JIA
SRR5342021,JIA
SRR5342020,JIA
SRR5342019,JIA
SRR5342018,JIA
SRR5342017,JIA
SRR5342016,JIA
SRR5342015,JIA
SRR5342014,JIA
SRR5342013,JIA
SRR5342012,JIA
SRR5342011,JIA
SRR5342010,JIA
SRR5342009,JIA
SRR5342008,JIA
SRR5342007,JIA
