SampleID,group
SRR9666721,ASD
SRR9666722,ASD
SRR9666723,ASD
SRR9666724,ASD
SRR9666725,ASD
SRR9666726,ASD
SRR9666727,ASD
SRR9666728,ASD
SRR9666729,ASD
SRR9666730,ASD
SRR9666731,ASD
SRR9666732,ASD
SRR9666733,ASD
SRR9666734,ASD
SRR9666735,ASD
SRR9666736,ASD
SRR9666737,ASD
SRR9666738,ASD
SRR9666739,ASD
SRR9666740,ASD
SRR9666741,ASD
SRR9666742,ASD
SRR9666743,ASD
SRR9666744,ASD
SRR9666745,ASD
SRR9666746,ASD
SRR9666747,ASD
SRR9666748,ASD
SRR9666749,ASD
SRR9666750,ASD
SRR9666751,ASD
SRR9666752,ASD
SRR9666753,ASD
SRR9666754,ASD
SRR9666755,ASD
SRR9666756,ASD
SRR9666757,ASD
SRR9666758,ASD
SRR9666759,ASD
SRR9666760,ASD
SRR9666761,ASD
SRR9666762,ASD
SRR9666763,ASD
SRR9666764,ASD
SRR9666765,ASD
SRR9666766,ASD
SRR9666767,ASD
SRR9666768,ASD
SRR9666769,ASD
SRR9666770,ASD
SRR9666771,ASD
SRR9666772,ASD
SRR9666773,ASD
SRR9666774,ASD
SRR9666775,ASD
SRR9666776,ASD
SRR9666777,ASD
SRR9666778,ASD
SRR9666779,ASD
SRR9666780,ASD
SRR9666781,ASD
SRR9666782,ASD
SRR9666783,ASD
SRR9666784,ASD
SRR9666785,ASD
SRR9666786,ASD
SRR9666787,ASD
SRR9666788,ASD
SRR9666789,ASD
SRR9666790,ASD
SRR9666791,ASD
SRR9666792,ASD
SRR9666793,ASD
SRR9666794,ASD
SRR9666795,ASD
SRR9666796,ASD
SRR9666797,ASD
SRR9666798,ASD
SRR9666799,ASD
SRR9666800,ASD
SRR9666801,ASD
SRR9666802,ASD
SRR9666803,ASD
SRR9666804,ASD
SRR9666805,ASD
SRR9666806,ASD
SRR9666807,ASD
SRR9666808,ASD
SRR9666809,ASD
SRR9666810,ASD
SRR9666811,ASD
SRR9666812,ASD
SRR9666813,ASD
SRR9666814,ASD
SRR9666815,ASD
SRR9666816,ASD
SRR9666817,ASD
SRR9666818,ASD
SRR9666819,ASD
SRR9666820,ASD
SRR9666821,ASD
SRR9666822,ASD
SRR9666823,ASD
SRR9666824,ASD
SRR9666825,ASD
SRR9666826,ASD
SRR9666827,ASD
SRR9666828,ASD
SRR9666829,ASD
SRR9666830,ASD
SRR9666831,ASD
SRR9666832,ASD
SRR9666833,ASD
SRR9666834,ASD
SRR9666835,ASD
SRR9666836,ASD
SRR9666837,ASD
SRR9666838,ASD
SRR9666839,ASD
SRR9666840,ASD
SRR9666841,ASD
SRR9666842,ASD
SRR9666843,ASD
SRR9666844,ASD
SRR9666845,ASD
SRR9666846,ASD
SRR9666847,ASD
SRR9666848,ASD
SRR9666849,ASD
SRR9666850,ASD
SRR9666851,ASD
SRR9666852,ASD
SRR9666853,ASD
SRR9666854,ASD
SRR9666855,ASD
SRR9666856,ASD
SRR9666857,ASD
SRR9666858,ASD
SRR9666859,ASD
SRR9666860,ASD
SRR9666861,ASD
SRR9666862,ASD
SRR9666863,ASD
SRR9666864,Control
SRR9666865,Control
SRR9666866,Control
SRR9666867,Control
SRR9666868,Control
SRR9666869,Control
SRR9666870,Control
SRR9666871,Control
SRR9666872,Control
SRR9666873,Control
SRR9666874,Control
SRR9666875,Control
SRR9666876,Control
SRR9666877,Control
SRR9666878,Control
SRR9666879,Control
SRR9666880,Control
SRR9666881,Control
SRR9666882,Control
SRR9666883,Control
SRR9666884,Control
SRR9666885,Control
SRR9666886,Control
SRR9666887,Control
SRR9666888,Control
SRR9666889,Control
SRR9666890,Control
SRR9666891,Control
SRR9666892,Control
SRR9666893,Control
SRR9666894,Control
SRR9666895,Control
SRR9666896,Control
SRR9666897,Control
SRR9666898,Control
SRR9666899,Control
SRR9666900,Control
SRR9666901,Control
SRR9666902,Control
SRR9666903,Control
SRR9666904,Control
SRR9666905,Control
SRR9666906,Control
SRR9666907,Control
SRR9666908,Control
SRR9666909,Control
SRR9666910,Control
SRR9666911,Control
SRR9666912,Control
SRR9666913,Control
SRR9666914,Control
SRR9666915,Control
SRR9666916,Control
SRR9666917,Control
SRR9666918,Control
SRR9666919,Control
SRR9666920,Control
SRR9666921,Control
SRR9666922,Control
SRR9666923,Control
SRR9666924,Control
SRR9666925,Control
SRR9666926,Control
SRR9666927,Control
SRR9666928,Control
SRR9666929,Control
SRR9666930,Control
SRR9666931,Control
SRR9666932,Control
SRR9666933,Control
SRR9666934,Control
SRR9666935,Control
SRR9666936,Control
SRR9666937,Control
SRR9666938,Control
SRR9666939,Control
SRR9666940,Control
SRR9666941,Control
SRR9666942,Control
SRR9666943,Control
SRR9666944,Control
SRR9666945,Control
SRR9666946,Control
SRR9666947,Control
SRR9666948,Control
SRR9666949,Control
SRR9666950,Control
SRR9666951,Control
SRR9666952,Control
SRR9666953,Control
SRR9666954,Control
SRR9666955,Control
SRR9666956,Control
SRR9666957,Control
SRR9666958,Control
SRR9666959,Control
SRR9666960,Control
SRR9666961,Control
SRR9666962,Control
SRR9666963,Control
SRR9666964,Control
SRR9666965,Control
SRR9666966,Control
SRR9666967,Control
SRR9666968,Control
SRR9666969,Control
SRR9666970,Control
SRR9666971,Control
SRR9666972,Control
SRR9666973,Control
SRR9666974,Control
SRR9666975,Control
SRR9666976,Control
SRR9666977,Control
SRR9666978,Control
SRR9666979,Control
SRR9666980,Control
SRR9666981,Control
SRR9666982,Control
SRR9666983,Control
SRR9666984,Control
SRR9666985,Control
SRR9666986,Control
SRR9666987,Control
SRR9666988,Control
SRR9666989,Control
SRR9666990,Control
SRR9666991,Control
SRR9666992,Control
SRR9666993,Control
SRR9666994,Control
SRR9666995,Control
SRR9666996,Control
SRR9666997,Control
SRR9666998,Control
SRR9666999,Control
SRR9667000,Control
SRR9667001,Control
SRR9667002,Control
SRR9667003,Control
SRR9667004,Control
SRR9667005,Control
SRR9667006,Control
